name,price_correspondance,collection,price
"HALEEM MIX, AHMED",'/products/haleem-mix-ahmed',ahmed,$4.75
"FRUIT CHAT MASALA, AHMED, 50G",'/products/fruit-chat-masala-ahmed',ahmed,$1.80
"DAHI BARA MASALA, AHMED, 50G",'/products/dahi-bara-masala-ahmed',ahmed,$1.80
"CHICKEN MASALA, AHMED, 50G",'/products/chicken-masala-ahmed',ahmed,$1.80
"CHANA MASALA, AHMED, 50G",'/products/chana-masala-ahmed',ahmed,$1.80
"BAKE & COOKING PAPER, GLAD, 10 MTRS X 30 CMS",'/products/bake-cooking-paper-glad-10-mtrs-x-30-cms',aluminium-foils-wraps,$3.99
GLAD FOIL 10M,'/products/glad-foil-10m',aluminium-foils-wraps,$3.85
"ALUMINIUM FOIL, 60M X 33CM, B&G",'/products/aluminium-foil-10m-b-g',aluminium-foils-wraps,$3.50
"ARBORIO RICE, COMMUNITY CO., 1 KG",'/products/arborio-rice',arborio-rice,$3.99
"KALIJEERA AROMATIC RICE, BANOFUL, 1KG",'/products/kalijeera-aromatic-rice-banoful-1kg',aromatic-rice,$4.75
"CHINIGURA AROMATIC RICE, BANOFUL, 1KG",'/products/chinigura-rice-banoful-1kg',aromatic-rice,$4.75
KALIJEERA AROMATIC RICE 2KG,'/products/kalijeera-aromatic-rice-2kg',aromatic-rice,$6.99
CHINIGURA RICE PRAN 1KG,'/products/chinigura-rice-pran-1kg',aromatic-rice,$4.25
"SHISHU CARE TALC POWDER, PTANJALI, 100G",'/products/shishu-care-talc-powder-ptanjali-100g',balm-cream-spray,$5.99
VICKS,'/products/vicks',balm-cream-spray,$4.75
MOOV SPRAY,'/products/moov-spray',balm-cream-spray,$4.25
KRACK CREAM,'/products/krack-cream',balm-cream-spray,$4.25
ITCH GUARD 25G,'/products/itch-guard-25g',balm-cream-spray,$3.95
ITCH GUARD,'/products/itch-guard',balm-cream-spray,$3.95
IODEX,'/products/iodex',balm-cream-spray,$3.95
BOROLINE,'/products/boroline',balm-cream-spray,$2.75
ZANDU ULTRA POWER 8ML,'/products/zandu-ultra-power-8ml',balm-cream-spray,$3.45
Indya Yellow Banana Chips 400g,'/products/yellow-banana-wafers-indya-400g',banana-chips,$5.00
Sabrini Yellow Banana Chips 500g,'/products/yellow-banana-chipa-500g-sabrini',banana-chips,$6.99
Sabrini Black Pepper Banana chips 500g,'/products/black-pepper-banana-chips-500g-sabrini',banana-chips,$6.50
MALABAR TREATS BANANA PEPPER CHIPS 200G,'/products/banana-pepper-chips-200g-malabar-treats',banana-chips,$3.75
INSTANT DELIGHT YELLOW BANANA CHIPS 400G,'/products/banana-chips-400g-id',banana-chips,$6.99
INSTANT DELIGHT BANANA CHIPS 400G,'/products/banana-chips-200g-id',banana-chips,$6.99
MALABAR TREATS BANANA CHILLY CHIPS 454G,'/products/banana-chilly-chips-454g-malabar-treats',banana-chips,$6.95
"BASMATI RICE, DEVAAYA 10 KG",'/products/devaaya-basmati-rice-10-kg',basmati-rice,$27.99
"Basmati Rice, Feast Rozzana, India Gate, 5kg",'/products/basmati-rice-india-gate-everyday-5kg',basmati-rice,$14.50
"SMALL SHELLS PASTA, SAN REMO, 500 G",'/products/small-shells-pasta-san-remo-500-g',basmati-rice,$3.50
"INSTANT SPAGHETTI, SAN REMO, 500 G",'/products/instant-spaghetti-san-remo-500-g',basmati-rice,$3.50
"PENNE PASTA ( FAMILY PACK), SAN REMO, 750 G",'/products/penne-pasta-family-pack-san-remo-750-g',basmati-rice,$4.50
"MACARONI , SAN REMO, 500 G",'/products/macaroni-san-remo-500-g',basmati-rice,$3.50
"ELBOW PASTA, SAN REMO, 500 G",'/products/elbow-pasta-san-remo-500-g',basmati-rice,$3.50
"ANGEL HAIR SPAGHETTI, SAN REMO, 500 G",'/products/angel-hair-spaghetti-san-remo-500-g',basmati-rice,$3.50
"IDLI/DOSA RICE, KOTTACKAL MAYIL, 5 KG",'/products/idli-dosa-rice-kottackal-mayil-5-kg',basmati-rice,$12.50
"MATTA RICE, KOTTACKAL, 10 KG",'/products/copy-of-matta-rice-kottackal-mayil-10-kg',basmati-rice?page=2,$23.99
"Basmati rice, Extra Long Grain, Miller 5kg",'/products/basmati-rice-miller-5kg',basmati-rice?page=2,$20.99
"Basmati Rice, India Today,1kg",'/products/rice-1kg-india-today',basmati-rice?page=2,$4.99
"Basmati rice, Pattu Premium 5kg",'/products/pattu-premium-basmati-rice-5-kg',basmati-rice?page=2,$15.50
"Basmati rice, India Gate Premium 5kg",'/products/india-gate-premium-basmati-rice-5kg',basmati-rice?page=2,$18.99
"Basmati Rice, India Gate Premium 10kg",'/products/india-gate-premium-basmati-rice-10kg',basmati-rice?page=2,$36.99
Basmati Rice India Gate Classic 5kg,'/products/india-gate-classic-basmati-rice-5kg',basmati-rice?page=2,$26.50
"Basmati rice, India Gate Classic 10kg",'/products/india-gate-classic-basmati-rice-10kg',basmati-rice?page=2,$45.99
"Basmati rice, Daawat Select 1kg",'/products/daawat-select-rice-1kg',basmati-rice?page=2,$5.95
"Basmati Rice,  Daawat Everyday, 5kg",'/products/daawat-everyday-basmati-rice-5-kg',basmati-rice?page=3,$15.00
"Basmati rice, Daawat Chef Secret 5kg",'/products/daawat-chef-secret-classic-rice-5kg',basmati-rice?page=3,$21.99
"Basmati Rice, Daawat Select 5kg",'/products/daawat-select-5-kg',basmati-rice?page=3,$24.00
"Basmati Rice, Daawat Select 10kg",'/products/daawat-select-10-kg',basmati-rice?page=3,$40.50
"Basmati rice,  Devaaya 5kg",'/products/daawat-devaaya-5-kg',basmati-rice?page=3,$19.99
BROWN BASMATI RICE INDYA 5KG,'/products/brown-basmati-rice-indya-5kg',basmati-rice?page=3,$18.50
BASMATI RICE SHAN 5KG,'/products/basmati-rice-shan-5kg',basmati-rice?page=3,$16.50
POP CORN PATTU 1 KG,'/products/pop-corn-pattu-1-kg',beans,$4.50
SOYA BEANS PATTU 1KG,'/products/soya-beans-pattu-1kg',beans,$4.50
RED KIDNEY BEANS LIGHT PATTU 1KG,'/products/red-kidney-beans-light-1kg',beans,$5.99
RED KIDNEY BEANS DARK PATTU 1KG,'/products/red-kidney-beans-dark-pattu-1kg',beans,$5.99
RED KIDNEY BEANS DARK JK 2KG,'/products/red-kidney-beans-dark-jk-2kg',beans,$8.99
POONA BEANS JK 1KG,'/products/poona-beans-jk-1kg',beans,$6.50
PINTO BEANS JK 1KG,'/products/pinto-beans-jk-1kg',beans,$3.95
MUNG BEANS CELERA JK 1KG,'/products/mung-beans-celera-jk-1kg',beans,$4.25
MUNG BEANS BERKIN JK 2KG,'/products/mung-beans-berkin-jk-2kg',beans,$8.99
SAGO INDYA 500G,'/products/sago-indya-500g',beans-lentils,$3.99
CRANBERRY BEANS PATTU 1KG,'/products/cranberry-beans-pattu-1kg',beans-lentils,$5.99
MUNG DAL PARSRAM 1 KG,'/products/mung-dal-parsram-1-kg',beans-lentils,$4.50
WHEAT PATTU 1KG,'/products/wheat-pattu-1kg',beans-lentils,$3.50
LAKSHMIJI STATUE BRASS NO 3,'/products/lakshmiji-statue-brass-no-3',bell-statue,$12.99
LAKSHMI STATUE BRASS NO 2,'/products/lakshmi-statue-brass-no-2',bell-statue,$10.99
GANESHA STATUE BRASS NO 4,'/products/ganesha-statue-brass-no-4',bell-statue,$15.99
GANESHA STATUE BRASS NO 2,'/products/ganesha-statue-brass-no-2',bell-statue,$10.99
"GANESH LAKSHMIJI STATUE 5""",'/products/ganesh-lakshmiji-statue-5',bell-statue,$21.00
"GANESH LAKSHMI JI STATUE 4""",'/products/ganesh-lakshmi-ji-statue-4',bell-statue,$15.00
POOJA BRASS BELL BIG HANUMAN,'/products/pooja-brass-bell-big-hanuman',bell-statue,$22.99
POOJA BRASS BELL BIG GANESHA,'/products/pooja-brass-bell-big-ganesha',bell-statue,$17.99
POOJA BRASS BELL BIG,'/products/pooja-brass-bell-big',bell-statue,$17.99
Powerade Gold Rush Sports Drink 600ml,'/products/powerade-gold-rush-sports-drink-600ml',beverages,$4.50
GLAD HANDLE TIE MEDIUM 30,'/products/glad-handle-tie-medium-30',bin-liners,$4.65
KITCHEN TIDY BAGS B&G,'/products/kitchen-tidy-bags-b-g',bin-liners,$3.25
GLAD HANDLE TIE LRG 25,'/products/glad-handle-tie-lrg-25',bin-liners,$4.65
"Biryani Basmati Rice, Daawat, 10kg",'/products/biryani-basmati-rice-daawat-10kg',biryani-rice,$49.99
"Biryani Basmati Rice, Daawat 1kg",'/products/daawat-biryani-rice1kg',biryani-rice,$5.99
"Biryani Basmati Rice, Daawat 5kg",'/products/biryani-rice-daawat-5kg',biryani-rice,$23.99
ARNOTT'S TIM TAM ORIGINAL 200G,'/products/arnotts-timtam-original-200grams',biscuits-cookies-arnotts,$3.70
ARNOTT'S TIM TAM DOUBLE COAT 200G,'/products/arnotts-timtam-double-coat-200gram',biscuits-cookies-arnotts,$3.70
ARNOTT'S VITA WEAT MLUTIGRAIN 140G,'/products/arnotts-vita-weat-mlutigrain-140g',biscuits-cookies-arnotts,$2.25
ARNOTT'S SALADA ORIGINAL 250G,'/products/arnotts-salada-250g',biscuits-cookies-arnotts,$3.45
ARNOTT'S JATZ CLIX 250G,'/products/arnotts-jatz-clix-250g',biscuits-cookies-arnotts,$3.00
ARNOTT'S CHEESEBOARD 250G,'/products/arnotts-cheeseboard-250g',biscuits-cookies-arnotts,$4.99
"SUGER FREE COOKIES, KISHWAN, 300G",'/products/suger-free-cookies-kishwan-300g',biscuits-cookies-britannia,$4.99
BRITANNIA GOOD DAY CHOCOCHIP COOKIES 120G,'/products/britannia-good-day-chocochip-cookies-120g',biscuits-cookies-britannia,$1.75
BRITANNIA MILK BIKIS BISCUITS 100 G,'/products/britannia-milk-bikis-biscuits-100-g',biscuits-cookies-britannia,$1.50
BRITANNIA 50 50 SWEET & SALTY 62G,'/products/britannia-50-50-sweet-salty-62g',biscuits-cookies-britannia,$1.50
BRITANNIA 50 50 SWEET CLASSIC SALTED 312 G,'/products/britannia-50-50-sweet-classic-salted-312-g',biscuits-cookies-britannia,$4.50
"KACCHA MANGO BITE, PARLE, 102.92G",'/products/kaccha-mango-bite-parle-102-92g',biscuits-cookies-britannia,$2.99
Britannia Tiger Glucose Biscuits 600g,'/products/tiger-glucose-biscuits-600g',biscuits-cookies-britannia,$5.95
Britannia Tiger Glucose Biscuits 50g,'/products/tiger-glucose-50g',biscuits-cookies-britannia,$1.00
Britannia Good Day Wonderfulls Biscuits 75g,'/products/wonderfulls-goodday-75g',biscuits-cookies-britannia,$1.75
CADBURY COOKIES DOUBLE CHOC 156G,'/products/cadbury-cookies-double-choc-156g',biscuits-cookies-cadbury,$4.00
Cherab's Kaju Cookies 300g,'/products/kaju-cookies-cherabs-300g',biscuits-cookies-cherab,$4.95
CHERAB'S JEERA COOKIES 300G,'/products/cherab-jeera-cookies-300g',biscuits-cookies-cherab,$5.99
CHERAB'S COCONUT COOKIES 300G,'/products/cherab-coconut-cookies300gram',biscuits-cookies-cherab,$5.99
CHERAB'S ATTA BISCUITS 320G,'/products/cherab-atta-biscuits-320g',biscuits-cookies-cherab,$5.99
CHERAB'S ATTA BISCUITS 1KG,'/products/cherab-atta-biscuits-1kg',biscuits-cookies-cherab,$12.95
CHERAB'S AJWAIN COOKIES 320G,'/products/cherab-ajwain-cookies-320gram',biscuits-cookies-cherab,$5.99
Karachi Osmania Biscuits 400g,'/products/osmania-biscuits-karachi-400g',biscuits-cookies-karachi,$5.99
Karachi Kaju Badam Biscuits 400g,'/products/kaju-badam-biscuits-karachi',biscuits-cookies-karachi,$5.99
Karachi's Almond Biscuits 400g,'/products/almond-biscuits-karachis-400g',biscuits-cookies-karachi,$5.99
OREO RED VELVET 137G,'/products/orio-red-velvet-137g',biscuits-cookies-oreo,$2.15
OREO ORIGINAL VANILLA 137G,'/products/oreo-original-vanilla-137g',biscuits-cookies-oreo,$2.15
OREO ORIGINAL 137G,'/products/oreo-original',biscuits-cookies-oreo,$2.15
OREO CHOC SPLIT 137G,'/products/oreo-choc-split-137g',biscuits-cookies-oreo,$2.15
Tim Tam Dark Biscuits 200g,'/products/tim-tam-dark-200g',biscuits-cookies-others,$4.00
RITZ ORIGINAL CRACKERS 100G,'/products/ritz-original-crackers-100g',biscuits-cookies-others,$1.50
RITZ CHOC FLAVOURED 118G,'/products/ritz-choc-flavoured118gram',biscuits-cookies-others,$1.50
PARLE HIDE & SEEK CHOCOLATE BISCUITS VALUE PACK,'/products/parlehide-seek-chocolate-biscuits-value-pack',biscuits-cookies-parle,$5.95
PARLE KRACKJACK BISCUITS VALUE PACK,'/products/parle-krackjack-biscuits-value-pack',biscuits-cookies-parle,$4.50
PARLE G BISCUIT 799G,'/products/parle-g-biscuit-799g',biscuits-cookies-parle,$5.99
Parle Monaco Biscuits Value Pack,'/products/monaco-biscuits-value-packparle',biscuits-cookies-parle,$4.50
CURRY POWDER MILD BOLSTS 500G,'/products/curry-powder-mild-bolsts-500g',bolsts,$12.95
CURRY POWDER HOT BOLSTS 500G,'/products/curry-powder-hot-bolsts-500g',bolsts,$12.95
"CURRY POWDER MILD, BOLST'S, 100G",'/products/curry-powder-mild-bolsts-100g',bolsts,$4.50
"CURRY POWDER HOT, BOLSTS, 100G",'/products/curry-powder-hot-bolsts-100g',bolsts,$4.50
"GARAM MASALA, BRAHMINS, 100G",'/products/garam-masala-brahmins-100g',brahmin,$3.95
"SAMBAR POWDER, BRAHMINS, 200G",'/products/sambar-powder-brahmins-200g',brahmin,$3.75
TURMERIC POWDER BRAHMINS 250G,'/products/turmeric-powder-brahmins-250g',brahmin,$3.50
PICKLE POWDER BRAHMINS 100G,'/products/pickle-powder-brahmins-100g',brahmin,$2.75
"RASAM POWDER, BRAHMINS, 100G",'/products/rasam-powder-brahmins-100g',brahmin,$2.50
"CHUTNEY POWDER, BRAHMINS, 100G",'/products/chutney-powder-brahmins-100g',brahmin,$2.99
CORN FLAKES KELLOGG'S 725 G,'/products/corn-flakes-kelloggs-725-g',breakfast-cereals,$4.99
WEET BIX 1.12kg,'/products/weet-bix-1-12kg',breakfast-cereals,$6.50
WEET BIX 375G,'/products/weet-bix',breakfast-cereals,$3.99
ROLLED OATS LOWAN 1KG,'/products/rolled-oats-lowan-1kg',breakfast-cereals,$4.50
KELLOGG'S SULTANA BRAN CREREAL 500G,'/products/kelloggs-sultana-bran-crereal-500g',breakfast-cereals,$5.85
KELLOGGS RICE BUBBLES 410G,'/products/kelloggs-rice-bubbles-410g',breakfast-cereals,$5.55
KELLOGG'S NUTRI GRAIN 290G,'/products/kelloggs-nutri-grain-290g',breakfast-cereals,$4.95
KELLOGG'S CRUNCHY NUTS CORNFLAKES 670G,'/products/kelloggs-crunchy-nuts-cornflakes-670g',breakfast-cereals,$6.95
KELLOGGS ALL BRAN WHEAT FLAKES 330G,'/products/kelloggs-all-bran-wheat-flakes-330g',breakfast-cereals,$4.70
"Brown Basmati Rice, Daawat 1kg",'/products/daawat-brown-rice-1kg',brown-basmati-rice,$5.95
"Brown Basmati Rice, Daawat 5kg",'/products/daawat-brown-rice-5kg-jar',brown-basmati-rice,$20.95
"BROWN MEDIUM GRAIN RICE, SUN RICE, 1 KG",'/products/brown-medium-grain-rice-sun-rice-1-kg',brown-rice,$3.99
"BROWN LONG GRAIN RICE, SUN RICE, 1 KG",'/products/brown-long-grain-rice',brown-rice,$3.99
UNSALTED BUTTER WESTERN STAR 250G,'/products/unsalted-butter-western-star-250g',butter-cheese,$4.75
SALTED BUTTER 250G WESTERN STAR,'/products/salted-butter-250g-western-star',butter-cheese,$4.75
COON SHRED CHEESE TASTY 250G,'/products/coon-shred-tasty-200gm',butter-cheese,$6.50
"RED COCKTAIL ONION, ROSELLA, 150G",'/products/red-cocktail-onion-rosella-150g',canned-beans-lentils,$2.55
"BUTTER BEANS, ANNALISA, 400G",'/products/butter-beans-annalisa-240g',canned-beans-lentils,$1.55
"CREAMED CORN, BLACK & GOLD, 400G",'/products/creamed-corn-black-gold-400g',canned-beans-lentils,$1.05
"BABY PEAS & CORN, EDGELL, 420G",'/products/baby-peas-corn-edgell-420g',canned-beans-lentils,$2.25
"Mixed Veg, Edgell, 420g",'/products/edgell-mixed-veg-420g',canned-beans-lentils,$2.75
"Corn Kernel Whole, Edgell, 420g",'/products/edgell-corn-kernel-whole-420g',canned-beans-lentils,$2.25
Edgell Brown Lentils 400g,'/products/edgell-lentils-brown-400g',canned-beans-lentils,$2.05
"Annalisa Lentils, 400g",'/products/annalisa-lentils-400g',canned-beans-lentils,$1.50
"CHICK PEAS, ANNALISA, 400G",'/products/annalisa-chickpeas-400g',canned-beans-lentils,$2.00
Monika Shrimp Fry 340g,'/products/shrimp-fry-monika-340g',canned-fish,$4.50
"777 MACKEREL IN TOMATO SAUCE, 400g",'/products/mackerel-in-tomato-sauce',canned-fish,$5.75
777 MACKEREL IN SALTED OIL 400g,'/products/mackeral-in-salted-oil',canned-fish,$5.75
Monika Salted Anchovies 340g,'/products/salted-anchovies-monika',canned-fish,$4.35
"ALPHONSO MANGO PULP, INDYA, 800G",'/products/alphonso-mango-pulp-indya',canned-fruits,$5.99
"ADMIRAL MANDARIN SEGMENTS IN SYRUP, 310G",'/products/admiral-mandarin-segments-in-juice',canned-fruits,$1.55
ALPHONSO MANGO PULP 850 GM UTTAM,'/products/alphonso-mango-pulp-850-gm-uttam',canned-fruits,$5.50
HALEEM RTE MITCHELLS 440G,'/products/haleem-rte-mitchells-440g',canned-haleem,$4.50
"CORNED MUTTON HALAL,SALISBURY, 326G",'/products/salisbury-corned-mutton-halal-326g',canned-meat,$6.99
"GULAB JAMUN BOX, 1KG",'/products/gulab-jamun-box-1kg',canned-sweets,$12.00
"CHAM CHAM, BIKAJI, 1KG",'/products/cham-cham-bikaji-1kg',canned-sweets,$7.50
Bikaji Rasgulla 1kg,'/products/bikaji-rasgulla-1kg',canned-sweets,$7.50
Bikaji Rasmalai 1kg,'/products/rasmalai-bikaji-1kg',canned-sweets,$7.50
GRB Gulab Jamun 1kg,'/products/gulab-jamun-canned-grb-1kg',canned-sweets,$6.95
Bikaji Gulab Jamun 1kg,'/products/gulab-jamun-1kg-bika-ji',canned-sweets,$7.50
Mitchell's Tomato Puree 450g,'/products/tomato-puree-mitchells',canned-tomato,$2.99
TOMATO PUREE MAHARAJA CHOICE 3KG,'/products/tomato-puree-mc-3kg',canned-tomato,$10.50
TOMATO PASTE MAHARAJA CHOICE 3KG,'/products/tomato-paste-mc-3kg',canned-tomato,$10.50
ANNALISA TOMATO DICED 800G,'/products/tomato-diced-annalisa-800g',canned-tomato,$3.50
TOMATO CRUSHED MAHARAJA CHOICE 3KG,'/products/tomato-crushed-mc-3kg',canned-tomato,$10.50
WHISKAS TRIO MIX,'/products/whiskas-trio-mix',cat-foods,$10.99
WHISKAS TRIO FISH,'/products/whiskas-trio-fish',cat-foods,$10.99
WHISKAS MEAT WITH VEG,'/products/whiskas-meat-with-veg',cat-foods,$10.99
SEAFOOD PLATTER CATFOOD,'/products/seafood-platter-catfood',cat-foods,$2.25
SARDINE & PRAWN FLAVOUR WHISKAS 1KG,'/products/sardine-prawn-flavour-whiskas-1kg',cat-foods,$6.50
BEEF & LAMB FLAVOUR WHISKAS 1KG,'/products/beef-lamb-flavour-whiskas-1kg',cat-foods,$6.50
"MOMO MASALA, CENTURY",'/products/momo-masala-century',century,$1.99
"MEAT MASALA, CENTURY",'/products/meat-masala-century',century,$1.99
"GARAM MASALA, CENTURY 50G",'/products/garam-masala-century-50g',century,$1.99
"CURRY POWDER, CENTURY",'/products/curry-powder-century',century,$1.99
"CHICKEN MASALA, CENTURY",'/products/chicken-masala-century',century,$1.99
RUMALI ROTI 400G,'/products/rumali-roti-400g',chapatti,$4.50
PLAIN NAAN MC 280G,'/products/plain-naan-mc-280g',chapatti,$4.25
MISSI ROTI  400G,'/products/missi-roti-400g',chapatti,$4.50
METHI ROTI 400G,'/products/methi-roti-400g',chapatti,$4.00
MC PLAIN NAAN 4PCS,'/products/mc-plain-naan-4pcs',chapatti,$3.95
MASTER WHOLEMEAL ROTI 500G,'/products/master-wholemeal-roti-500g',chapatti,$4.00
MASTER MULTIGRAIN ROTI 400G,'/products/master-multigrain-roti-400g',chapatti,$4.00
GARLIC ROTI 400GR,'/products/garlic-roti-400gr',chapatti,$4.50
SWAADH ROTI HIGH FIBRE 10PK,'/products/swaadh-roti-high-fibre-10pk',chapatti,$4.00
"RED CHILLI SAUCE, CHING'S 200G",'/products/chings-red-chilli-sauce-200g',chilli-sauce,$2.99
"GREEN CHILLI SAUCE, CHING'S 190G",'/products/chings-green-chilli-sauce-190g',chilli-sauce,$3.50
"GREEN CHILLI SAUCE, MITCHELL'S  800G",'/products/mitchells-green-chilli-sauce',chilli-sauce,$4.45
MITCHELLS CHILLI GARLIC SAUCE 825G,'/products/mitchells-chilli-garlic-sauce',chilli-sauce,$4.99
MASALA CHILLI PATTU 500G,'/products/masala-chilli-pattu-500g',chilli-sauce,$4.25
HOT & SWEET SAUCE 500G PATTU,'/products/hot-sweet-sauce-500g-pattu',chilli-sauce,$4.25
"KINDER CHOCOLATE, SNACK BAR, 21G",'/products/kinder-chocolate-snack-bar-21g',chocolate,$1.25
"CURLY WURLY, CADBURY, 26G",'/products/curly-wurly-cadbury-26g',chocolate,$1.00
"STRAWBERRY BUBBLE GUM, HUBBA BUBBA, 35G",'/products/strawberry-bubble-gum-hubba-bubba-35g',chocolate,$1.50
"GRAPE BUBBLE GUM, HUBBA BUBBA, 35G",'/products/grape-bubble-gum-hubba-bubba-35g',chocolate,$1.50
"GRAPE BUBBLE TAPE, HUBBA BUBBA, 180CM",'/products/grape-bubble-tape-hubba-bubba-180cm',chocolate,$2.50
"STRAWBERRY BUBBLE TAPE, HUBBA BUBBA, 180CM",'/products/strawberry-bubble-tape-hubba-bubba-180cm',chocolate,$2.50
"CRISPY M & M’S, 145G",'/products/crispy-m-m-s-145g',chocolate,$4.00
"CARAMEL CHOMP, 30G",'/products/caramel-chomp-30g',chocolate,$1.00
PICNIC CHCOLATE KING SIZE,'/products/picnic-chcolate-king-size',chocolate,$3.50
"CADBURY DAIRY MILK FRUIT & NUT, 150G",'/products/cadbury-dairy-milk-fruit-nut-150g',chocolate-block,$4.75
CADBURY DAIRY MILK SNACK 148G,'/products/cadbury-dairy-milk-snack-148g',chocolate-block,$4.75
CADBURY DAIRY MILK TOP DECK 180g,'/products/cadbury-dairy-milk-top-deck-180g',chocolate-block,$5.50
CADBURY DAIRY MILK SNACK 180g,'/products/cadbury-dairy-milk-snack-180g',chocolate-block,$5.50
"SAMOSA CHUTNEY, SABRINI, 360G",'/products/samosa-chutney-sabrini-360g',chutney,$3.99
"SALSA DIP MEDIUM , LA COSTEÑA, 453G",'/products/salsa-dip-la-costena-453g',chutney,$3.99
"PANIPURI CONCENTRATE, PATTU, 360G",'/products/panipuri-concentrate-pattu-360g',chutney,$3.99
"SANDWICH CHUTNEY, ASHOKA, 285G",'/products/sandwich-chutney-ashoka-285g',chutney,$4.50
"PANIPURI CONCENTRATE, ASHOKA, 285G",'/products/panipuri-concentrate-ashoka-285g',chutney,$4.50
"Tamarind Chutney, Pattu, 315g",'/products/tamarind-chutney-pattu-315g',chutney,$3.99
DELHI CHAT CHUTNEY PATTU 300G,'/products/delhi-chat-chutney-pattu-300g',chutney,$4.50
Date & Tamarind Chutney Pattu 330g,'/products/date-tamarind-chutney-pattu-330g',chutney,$3.99
BOMBAY BHELPURI CHUTNEY PATTU 340g,'/products/bombay-bhel-puri-chutney-pattu',chutney,$3.99
CHYAWANPRASH PATANJALI 1KG,'/products/chyawanprash-patanjali-1kg',chyawanprash,$12.95
CHYAWANPRASH DABUR 1KG,'/products/chyawanprash-dabur-1kg',chyawanprash,$12.95
"JANMA GHUNTI, DABUR, 60ML",'/products/janma-ghunti-dabur-60ml',chyawanprash,$2.80
COCONUT CHIPS UTTAM 200G,'/products/uttam-uttam-coconut-chips-200g',coconut-chips,$2.95
COCONUT CREAM MONIKA 400ML,'/products/monika-coconut-cream-400ml',coconut-cream,$3.99
COCONUT CREAM KARA 400ML,'/products/coconut-cream-kara',coconut-cream,$4.50
COCONUT CREAM AYAM 270ML,'/products/coconut-cream-270ml-ayam',coconut-cream,$2.99
"COCONUT DESSICATED FINE, PATTU 250G",'/products/coconut-dessicated-fine-pattu-250g',coconut-desiccated,$3.50
COCONUT DESSICATED UTTAM 200G,'/products/uttam-coconut-desicated',coconut-desiccated,$2.50
DESICCATED COCONUT B&G 500G,'/products/desiccated-coconut-b-g',coconut-desiccated,$3.99
"DESICCATED COCONUT, MAHARAJAH’S CHOICE, 500G",'/products/desiccated-coconut-500g-maharajis-choice',coconut-desiccated,$6.00
"COCONUT DESSICATED FINE, PATTU 500G",'/products/coconut-dessicated-fine-500-gm',coconut-desiccated,$6.50
COCONUT MILK MONIKA 400ML,'/products/coconut-milk-400ml-monika',coconut-milk,$3.99
COCONUT MILK AYAM 270ML,'/products/coconut-milk-270ml-ayam',coconut-milk,$2.99
COCONUT MILK POWDER AYAM 150G,'/products/coconut-milk-powder-150g-ayam',coconut-milk-powder,$4.45
COCONUT SHREDDED UTTAM 200G,'/products/uttam-uttam-coconut-shredded',coconut-shredded,$2.75
"THREADED COCONUT, MAHARAJAH’S CHOICE, 500G",'/products/threaded-coconut-500g-maharajis-choice',coconut-shredded,$6.99
COCONUT WHOLE 1PC (150G-200G) UTTAM,'/products/coconut-whole-1pc-150g-200g-uttam',coconut-whole,$4.00
YELLOW HERBAL HOLI COLOR 100G,'/products/yellow-herbal-holi-color-100g',colour-gulal,$2.00
RANGOLI COLOUR WHITE 200G,'/products/rangoli-colour-white-200g',colour-gulal,$2.50
RANGOLI COLOUR RED 200G,'/products/rangoli-colour-red-200g',colour-gulal,$2.50
RANGOLI COLOUR ORANGE 200G,'/products/rangoli-colour-orange-200g',colour-gulal,$2.50
RANGOLI COLOUR GREEN 200G,'/products/rangoli-colour-green-200g',colour-gulal,$2.50
RANGOLI COLOUR BLUE 200G,'/products/rangoli-colour-blue-200g',colour-gulal,$2.50
HOLI COLOUR 200G,'/products/holi-colour-200g',colour-gulal,$2.75
HOLI COLOUR 100G,'/products/holi-colour-100g',colour-gulal,$2.00
HOLI  COLOURS PINK 200G,'/products/holi-colours-pink-200g',colour-gulal,$3.00
"TANDOORI COLOUR, MAHARAJAH’S CHOICE, 50ML",'/products/tandoori-colour-50ml-maharajis-choice',colours,$2.85
TANDOORI COLOUR 100G UTTAM,'/products/tandoori-colour-100g-uttam',colours,$4.30
"SAFFRON COLOUR, UTTAM, 100GM",'/products/saffron-colour-100gm-uttam',colours,$4.99
RED COLOUR MAHARAJA CHOICE 50ML,'/products/red-colour-maharaja-choice-50ml',colours,$2.85
GREEN COLOUR MAHARAJA CHOICE 50ML,'/products/green-colour-maharaja-choice-50ml',colours,$2.85
EGG YELLOW COLOUR MAHARAJA CHOICE 50ML,'/products/egg-yellow-colour-maharaja-choice-50ml',colours,$2.85
"CHOCOLATE BROWN COLOUR, STAR, 25ML",'/products/chocolate-brown-colour-25ml',colours,$1.95
TANDOORI COLOUR MAHARAJA CHOICE 50ML,'/products/tandoori-colour-maharaja-choice',colours,$2.99
SAC YELLOW FOOD COLOR,'/products/sac-yellow-food-color',colours,$2.50
B/G FOOD STORAGE CONTAINERS RECTANGULAR,'/products/b-g-food-storage-containers-rectangular',containers,$3.99
"FOOD CONTAINER ROUND, B&G, 4X700ML",'/products/b-g-food-container-round',containers,$3.99
"CARNATION COOKING CREAM, NESTLE, 300 ML",'/products/carnation-cooking-cream-nestle-300-ml',cooking-needs,$3.99
ROOHAFZA SHARBAT 800ML,'/products/sharbat-rooh-afza-750ml',cordials,$5.99
"RASPBERRY CORDIAL 750ML, SCHWEPPES",'/products/raspberry-cordial-750ml-schweppes',cordials,$5.99
COTTEE'S FRUIT CUP CORDIAL 1L,'/products/cottees-fruit-cup-cordial-1l',cordials,$6.50
COTTEE'S  CORDIAL RASPBERRY 1 L,'/products/cottees-cordial-raspberry-1-l',cordials,$6.50
DORITOS MEXICANA 170G,'/products/doritos-mexicana-170g',corn-chips,$4.25
DORITOS CHEESE SUPREME 170 G,'/products/doritos-cheese-supreme-170-g',corn-chips,$4.25
DORITOS ORIGINAL SALTED 170G,'/products/doritos-original-salted-170g',corn-chips,$3.30
"DORITOS CHIPS NACHO CHEESE, 170G",'/products/doritos-nacho-cheese-170g',corn-chips,$3.30
DORITOS CHEESE SUPREME CRACKERS 160G,'/products/doritos-cheese-supreme-crackers-160g',corn-chips,$3.60
Doritos Cheese Supreme 60g,'/products/doritos-60g',corn-chips,$2.00
CC'S CORN NACHOS ORIGINAL 175G,'/products/corn-nachos-chips-original-175g',corn-chips,$3.45
CC'S NACHOS CHEESE  175g,'/products/ccs-nachos-cheese-chips',corn-chips,$4.25
CC'S TASTY CHEESE 175G,'/products/ccs-tasty-cheese-175g',corn-chips,$3.45
BULLA THICKENED CREAM 300ML,'/products/bulla-thickened-cream-300ml',creams,$3.50
DAIRY FARMERS SOUR CREAM 250G,'/products/dairy-farmers-sour-cream-250g',creams,$2.95
"DABUR HERBL (BASIL) TOOTHPASTE, 150G",'/products/dabur-herbl-toothpaste-150g',dental-care,$5.99
TOOTH BRUSH COLGATE 1PC,'/products/tooth-brush-colgate-1pc',dental-care,$1.99
Pepsodent Whitening toothpaste 150g,'/products/pepsodent-toothpaste',dental-care,$3.99
NEEM ACTIVE TOOTH PASTE 200G,'/products/neem-active-tooth-paste',dental-care,$3.95
HIMALAYA COMPLETE CARE TOOTHPASTE 150G,'/products/himalaya-complete-care-toothpaste-150g',dental-care,$3.99
DANT KANTI TOOTH PASTE 200G PATANJALI,'/products/dant-kanti-tooth-paste-200g-patanjali',dental-care,$5.99
"DANT KANTI TOOTHPASTE, PATANJALI 100G",'/products/dant-kanti-advanced-100g',dental-care,$4.99
"DABUR RED TOOTHPASTE, 200G",'/products/dabur-red-tooth-paste-200g',dental-care,$4.99
"DABUR MESWAK TOOTHPASTE, 200G",'/products/dabur-meswak-tooth-paste-200g',dental-care,$4.25
VANILLA DHOOP STICK CYCLE,'/products/vanilla-dhoop-stick-cycle',dhoop-camphor,$0.50
ROSE DHOOP STICK CYCLE,'/products/rose-dhoop-stick-cycle',dhoop-camphor,$0.50
PURE CAMPHOR 25G,'/products/pure-camphor-25g',dhoop-camphor,$2.50
NATURAL SANDAL DHOOP CONE KALPANA,'/products/natural-sandal-dhoop-cone-kalpana',dhoop-camphor,$1.50
NATURAL ROSE DHOOP CONE,'/products/natural-rose-dhoop-cone',dhoop-camphor,$1.50
NATURAL ORCHID DHOOP CONE KALPANA,'/products/natural-orchid-dhoop-cone-kalpana',dhoop-camphor,$1.50
NATURAL MOGRA DHOOP CONE,'/products/natural-mogra-dhoop-cone',dhoop-camphor,$1.50
NATURAL LILLY DHOOP CONE KALPANA,'/products/natural-lilly-dhoop-cone-kalpana',dhoop-camphor,$1.50
NATURAL LAVENDER DHOOP CONE,'/products/natural-lavender-dhoop-cone',dhoop-camphor,$1.50
ENO ORANGE 100G,'/products/eno-orange-100g',digestive-health-aids,$4.95
HAJMOLA IMLI 120PK,'/products/hajmola-imli-120pk',digestive-health-aids,$3.99
HAJMOLA IMLI,'/products/hajmola-imli',digestive-health-aids,$2.95
HAJMOLA ANNARDANA DABUR,'/products/hajmola-annardana-dabur',digestive-health-aids,$3.99
HAJMOLA PUDINA,'/products/hajmola-pudina',digestive-health-aids,$2.30
ENO GREEN LEMON,'/products/eno-green-lemon',digestive-health-aids,$3.95
ENO FRUIT SALT,'/products/eno-fruit-salt',digestive-health-aids,$4.95
DABUR PUDIN HARA LIQUID 30ML,'/products/dabur-pudin-hara-liquid-30ml',digestive-health-aids,$2.95
DABUR PUDIN HARA 30ML,'/products/dabur-pudin-hara-30ml',digestive-health-aids,$0.00
SUPER DISHWASH BAR 1PC,'/products/super-dishwash-bar-1pc',dishwashing,$2.00
MORNING FRESH LEMON DISWASHING LIQUID 400ML,'/products/morning-fresh-lemon-diswashing-liquid-400ml',dishwashing,$4.50
DISHWASHING LIQUID 1L B&G,'/products/dishwashing-liquid-1l-b-g',dishwashing,$3.50
DISHWASHER POWDER 1KG B&G,'/products/dishwasher-powder-1kg-b-g',dishwashing,$4.50
DISHWASH LIQUID EARTH CHOICE 1L,'/products/dishwash-liquid-earth-choice-1l',dishwashing,$3.75
15 PAPER PLATES 225MM BLACK &GOLD,'/products/15-paper-plates-225mm-black-gold',disposable,$2.99
SNACK PLATES 20S B&G,'/products/snack-plates-20s-b-g',disposable,$3.75
PLASTIC TEASPOONS 20PACK B&G,'/products/plastic-teaspoons-20pack-b-g',disposable,$1.75
PLASTIC TEA SPOONS,'/products/plastic-tea-spoons',disposable,$1.50
PLASTIC SPOON DESSERT WHITE,'/products/plastic-spoon-dessert-white',disposable,$1.50
PLASTIC KNIVES 20PACK B&G,'/products/plastic-knives-20pack-b-g',disposable,$1.75
PLASTIC KNIFE WHITE,'/products/plastic-knife-white',disposable,$1.50
PLASTIC FORK WHITE,'/products/plastic-fork-white',disposable,$1.50
PLASTIC FORK 20 PCK,'/products/plastic-fork-20-pck',disposable,$1.75
PUPPY MILK PEDIGREE,'/products/puppy-milk-pedigree',dog-foods,$4.90
PEDIGREE WITH PASTA& VEGIES,'/products/pedigree-with-pasta-vegies',dog-foods,$5.50
PEDIGREE DOG 3KG,'/products/pedigree-dog-3kg',dog-foods,$15.00
CHICKEN WITH R&V PEDG,'/products/chicken-with-r-v-pedg',dog-foods,$5.50
CHICKEN WITH LIVER CAT FOOD B&G 400G,'/products/chicken-with-liver-cat-food-b-g-400g',dog-foods,$1.75
IDLI DOSA BATTER 2KG SHREE GANESHA,'/products/idli-dosa-batter-2kg-shree-ganesha',dosa-batter,$13.00
IDLI DOSA BATTER 1KG SHREE GANESHA,'/products/idli-dosa-batter-1kg-shree-ganesha',dosa-batter,$8.00
SSF IDLI & DOSA MIX 2KG,'/products/ssf-idli-dosa-mix-2kg',dosa-batter,$13.00
SSF IDLI & DOSA MIX 1KG,'/products/ssf-idli-dosa-mix-1kg',dosa-batter,$8.00
"Sultana, Indya 100g",'/products/indya-sultana-100g',dried-fruits,$4.00
CHOARA DRIED DATES 400GRAMS,'/products/choara-dried-dates-400grams',dried-fruits,$4.99
MILO NESTLE 750G,'/products/milo-nestle-750g',drink-supplements,$11.00
MILO NESTLE 460G,'/products/milo-nestle-460g',drink-supplements,$9.00
MILO 1KG,'/products/milo-1kg',drink-supplements,$13.00
TANG ORANGE 750G,'/products/tang-orange-200ml',drink-supplements,$10.95
TANG MANGO 750G,'/products/tang-mango-200ml',drink-supplements,$10.95
HORLICKS 500G,'/products/horlicks-500g',drink-supplements,$10.99
BOURNVITA 500G,'/products/bourn-vita-500g',drink-supplements,$8.99
"SAMBAR POWDER, Eastern",'/products/sambar-powder-eastern',eastern,$4.00
"KUDAMPULI (CAMBODGE), Eastern 200G",'/products/kudampuli-cambodge-eastern-200g',eastern,$4.15
"PULIYINCHI, Eastern 400G",'/products/puliyinchi-eastern-400g',eastern,$3.95
"MEAT MASALA , Eastern 160G",'/products/meat-masala-eastern-160g',eastern,$3.39
"RASAM POWDER, Eastern 165G",'/products/rasam-powder-eastern-165g',eastern,$3.25
"CURRY POWDER, Eastern 165G",'/products/curry-powder-eastern-165g',eastern,$3.50
"BRAHMIN SAMBAR POWDER, Eastern 165G",'/products/brahmin-sambar-powder-eastern-165g',eastern,$3.25
"MUTTON MASALA, Eastern 100G",'/products/mutton-masala-eastern-100g',eastern,$2.25
"MEEN MULAKU MASALA POWDER, Estern 100G",'/products/meen-mulaku-masala-powder-estern-100g',eastern,$2.50
HILLTOPS FREE RANGE EGGS 700G,'/products/hilltops-free-range-eggs-700g',eggs,$7.50
FARM PRIDE FREE RANGE EGGS 700G,'/products/farm-pride-free-range-eggs-700g',eggs,$6.50
FARM PRIDE CAGE EGGS 700G,'/products/farm-pride-cage-eggs-700g',eggs,$4.50
MONSTER GREEN ENERGY DRINK 500ML,'/products/monster-energy-drink-500ml',energy-drinks,$4.50
MONSTER MANGO ENERGY DRINK 500ML,'/products/monster-500ml',energy-drinks,$4.50
STAR VANILLA ESSENCE 25ML,'/products/star-vanilla-essence-25ml',essence,$2.25
"ORANGE ESSENCE, STAR, 25ML",'/products/star-orange-essence-25ml',essence,$1.95
MANGO ESSENCE 50 ML MAHARAJíS CHOICE,'/products/mango-essence-50-ml-maharajis-choice',essence,$2.95
"LEMON ESSENCE, MAHARAJAH’S CHOICE, 50ML",'/products/lemon-essence-50ml-maharajis-choice',essence,$2.95
KEWRA ESSENCE 20ML,'/products/kewra-essence-20ml',essence,$2.25
VIOLA VANILLA ESSENCE,'/products/viola-vanilla-essence',essence,$3.25
VIOLA PINEAPPLE ESSENCE,'/products/viola-pineapple-essance',essence,$2.25
VIOLA MANGO ESSENCE,'/products/viola-mango-essence',essence,$3.25
VIOLA KEWDA ESSENCE,'/products/viola-kewda-essence',essence,$3.25
HERBAL KAJAL  PATANJALI,'/products/herbal-kajal-1-pc-patanjali',eye-care,$4.99
JOLEN CREME BLEACH,'/products/jolen-creme-bleach',face-care,$6.99
HESH MULTANI MITTI FACE PACK 100G,'/products/hesh-multani-mitti-face-pack-100g',face-care,$2.99
GOLD FACIAL KIT VLCC 60G,'/products/gold-facial-kit-vlcc',face-care,$8.99
GOLD CREME BLEACH FEM,'/products/gold-creme-bleach-fem',face-care,$7.50
"AFGHAN SNOW GREEN, 50G",'/products/afghan-snow-green-50g',face-care,$5.40
BOROPLUS CREAM 40ML,'/products/boroplus-cream-40ml',face-care,$3.99
"STAYFREE REGULAR PADS, 10PK",'/products/stayfree-regular-pads-10pk',feminine-hygiene,$3.05
STAYFREE PADS REGULAR 20PK,'/products/stayfree-pads-regular-20pk',feminine-hygiene,$5.45
STAYFREE PADS WITH  REGULAR WINGS 14PK,'/products/stay-free-pads-with-slim-regular-wings-14pk',feminine-hygiene,$4.99
"LIBRA TAMPON REGULAR, 16 PCS",'/products/libra-tampon-regular-16-pcs',feminine-hygiene,$5.05
LIBRA SLIM TAMPONS REGULAR 16 PCS,'/products/libra-slim-tampons-regular-16-pcs',feminine-hygiene,$5.50
LIBRA INVISIBLE REGULAR PADS 12PK,'/products/libra-invisible-regular-pads-12pk',feminine-hygiene,$5.79
LIBRA EXTRA WINGS PADS 14PK,'/products/libra-extra-wings-pads-14pk',feminine-hygiene,$5.99
"LIBRA APPLICATOR TAMPON REGULAR, 16PC",'/products/libra-applicator-tampon-regular-16pc',feminine-hygiene,$5.85
COTTONS PAD ULTRA THIN WITH REGULAR WINGS 14PK,'/products/cottons-pad-ultra-thin-with-regular-wings',feminine-hygiene,$4.95
"Frooti mango drink, 2L",'/products/frooti-mango-drink-2l',flavoured-drinks,$7.99
"Frooti mango drink, 1.5L",'/products/frooti-mango-drink-1-5l',flavoured-drinks,$6.50
"Frooti mango drink, 500ml",'/products/frooti-mango-drink-500ml',flavoured-drinks,$2.50
"Frooti mango drink, 200ml",'/products/frooti-mango-drink-200ml',flavoured-drinks,$1.75
"TURMERIC & HONEY DRINK, ASHOKA 180ML",'/products/turmeric-honey-drink-180ml',flavoured-drinks,$2.00
MANGO LASSI Sharma Kitchen,'/products/mango-lassi-sharma-kitchen',flavoured-drinks,$2.99
BADAMAZAA ALMOND ASHOKA 180ML,'/products/badamazaa-almond-ashoka-180ml',flavoured-drinks,$2.00
BADAM DRINK KWALITY 200ML,'/products/badam-drink-quality-200ml',flavoured-drinks,$1.99
BADAM DRINK MTR 180ML,'/products/badam-drink-mtr',flavoured-drinks,$1.99
SEMOLINA (SUJI) FINE 900G UTTAM,'/products/semolina-suji-fine-900g-uttam',flour-others,$3.99
GREWAL besan fine 1KG,'/products/grewal-besan-1kg',flour-others,$4.50
RICE FLOUR FINE 900G UTTAM,'/products/rice-flour-fine-900g-uttam',flour-others,$2.50
TYSON FLOUR UTTAM 900G,'/products/tyson-flour-uttam-900g',flour-others,$4.50
"RAGI PUTTU POWDER(CEREAL POWDER), BRAHMINS, 1 KG",'/products/ragi-puttu-powdercereal-powder-brahmins-1-kg',flour-others,$5.50
"APPAM/ IDIYAPPAM PODI (RICE FLOUR), BRAHMINS, 1 KG",'/products/appam-idiyappam-podirice-flour-brahmins-1-kg',flour-others,$4.99
"PUTTU PODI(RICE FLOUR), BRAHMINS, 1 KG",'/products/puttu-podi-brahmins-1-kg',flour-others,$4.99
"MULTIGRAIN PUTTU PODI, BRAHMINS, 1 KG",'/products/multigrain-puttu-podi-brahmins-1-kg',flour-others,$4.99
"EASY PALAPPAM MIX, BRAHMINS, 1 KG",'/products/easy-palappam-mix-brahmins-1-kg',flour-others,$4.99
"TANDOORI ROTI, MENU, 5PCS (300G)",'/products/tandoori-roti-menu-5pcs-300g',freezer,$5.99
PEELED GARLIC FROZEN,'/products/peeled-garlic-frozen',freezer,$9.99
"ALOO PARATHA, VADILAL, 4 PCS",'/products/aloo-paratha-vadilal-4-pcs',freezer,$4.99
"TANDOORI ROTI, BIKAJI, 6 PCS",'/products/tandoori-roti-bikaji-6-pcs',freezer,$5.99
NAAN TANDOORI VADILAL 5 PCS,'/products/naan-tandoori-vadilal-400g',freezer,$5.50
"TANDOORI NAAN, MENU, 5PCS (425G)",'/products/tandoori-naan-menu-5pcs-425g',frozen-breads,$4.99
"MALABAR POROTTA, INSTANT DELIGHT,  300 G",'/products/malabar-porotta-instant-delight-300-g',frozen-breads,$3.99
"POROTTA (MALABAR STYLE), INSTANT DELIGHT,  2KG",'/products/porotta-malabar-style-instant-delight-2kg',frozen-breads,$13.99
METHI THEPLA ASHOKA 5 PCS,'/products/m-ashoka-4pcs',frozen-breads,$5.99
LACHCHA PRATHA ASHOKA 4PCS,'/products/lachcha-pratha-ashoka-4pcs',frozen-breads,$5.99
ASLI PRATHA ASHOKA 5 PCS,'/products/asli-pratha-ashoka-5-pcs',frozen-breads,$5.99
MALABARI PRATHA ASHOKA 5 PCS,'/products/malabari-pratha-ashoka-5-pcs',frozen-breads,$5.99
PANEER PRATHA ASHOKA 3 PCS,'/products/paneer-pratha-ashoka-3-pcs',frozen-breads,$5.99
PLAIN ROTI PARATHA KARAN 30 PCS,'/products/plain-roti-paratha-karan-30-pcs',frozen-breads,$14.00
"MANGO CHUTNEY, SHAN, 400G",'/products/mango-chutney-shan-400g',frozen-chutney,$3.99
CORIANDER CHUTNEY DEEP,'/products/coriander-chutney-deep',frozen-chutney,$3.99
COCONUT CHUTNEY DEEP,'/products/coconut-chutney-deep',frozen-chutney,$3.99
VEG SHAMI KEBAB ASHOKA 12 pcs,'/products/veg-shami-kebab-ashoka-12-pcs',frozen-convenience-food,$8.50
MUTTON SHAMI KABAB SHEIKH’S DELIGHT 12 pcs,'/products/mutton-shami-kabab-sheikh-s-delight-12-pcs',frozen-convenience-food,$15.50
VEG SHAMI KEBAB SABRINI 12 pcs,'/products/veg-shami-kebab-sabrini-12-pcs',frozen-convenience-food,$6.99
Bolly Wood Wrap Sabrini,'/products/bolly-wood-wrap-sabrini',frozen-convenience-food,$4.00
TAKA TAK WRAPS SABRINI,'/products/taka-tak-wraps-sabrini',frozen-convenience-food,$4.00
KATHI ROLL WRAPS SABRINI,'/products/kathi-roll-wraps-sabrini',frozen-convenience-food,$4.00
"LAMB SEEKH KEBAB, KEBABS OF INDIA 350G",'/products/lamb-seekh-kebab-kebabs-of-india-350g',frozen-convenience-food,$13.50
"CHICKEN SEEKH KEBABS, KEBABS OF INDIA 350G",'/products/chicken-seekh-kebaba-kebabs-of-india-350g',frozen-convenience-food,$12.50
CHICKEN MEATBALLS CAVOS 1KG,'/products/chicken-meatballs-1kg',frozen-convenience-food,$15.50
"PANEER BLOCK, SAVERA, 341G",'/products/copy-of-paneer-cubes-savera-1kg',frozen-dairy,$5.99
"PANEER CUBES, SAVERA, 1KG",'/products/paneer-cubes-savera-1kg',frozen-dairy,$17.00
PANEER CUBES KARAN'S 1KG,'/products/paneer-cubes-karans-1kg',frozen-dairy,$15.99
PANEER CUBES 500G KARAN'S,'/products/paneer-cubes-500g-karans',frozen-dairy,$8.50
GURA CHIRING FISH 250G,'/products/gura-chiring-fish-250g',frozen-fish,$8.25
TENDER JACKFRUIT DAILY DELIGHT 400G,'/products/tender-jackfruit-daily-delight-400g',frozen-fruits,$4.25
K. BORTA TATKA,'/products/k-borta-tatka',frozen-fruits,$5.25
JACK FRUIT KARAN'S 400G,'/products/jack-fruit-karans-400g',frozen-fruits,$7.99
CHIKOO VADILAL,'/products/chikoo-vadilal',frozen-fruits,$3.99
CHIKOO SLICES  DEEP 340G,'/products/chikoo-slices-deep-340g',frozen-fruits,$3.75
"ALPHONSO MANGO PULP, VADILAL, 1KG",'/products/alphonso-mango-pulp-vadilal-1kg',frozen-fruits,$9.99
BAKED VADA PAV ASHOKA 8 pcs,'/products/baked-vada-pav-ashoka-8-pcs',frozen-meals,$8.50
HALWA PURI CHOLE SHAHI 400G,'/products/halwa-puri-chole-shahi-900g',frozen-meals,$8.99
"VEGETABLE SAMOSA, MENU, 12PCS(240G)",'/products/veg-samosa-menu-24pcs-480g',frozen-snacks,$3.00
"CHATPATA SAMOSA, MENU, 24PCS (480G)",'/products/chatpata-samosa-menu-24pcs-480g',frozen-snacks,$5.50
PONK ASHOKA 170G,'/products/ponk-ashoka-170g',frozen-snacks,$7.50
ALOO PURI TATKA 10PCS,'/products/aloo-puri-tatka-10pcs',frozen-snacks,$4.99
SOYA SHAMMI KEBAB BIKAJI 6 PCS,'/products/soya-shammi-kebab-bikaji-6-pcs',frozen-snacks,$6.50
POTATO PEAS SAMOSA ASHOKA 50 pcs,'/products/potato-peas-samosa-ashoka-50-pcs',frozen-snacks,$8.99
BHALLA FOR DAHI BHALLA BIKAJI 20 pcs,'/products/copy-of-moong-dal-khasta-kachori-bikaji-20-pcs',frozen-snacks,$5.95
SPRING ROLL MIX VEG KEMCHHO 96 pcs,'/products/spring-roll-mix-veg-kemchho-96-pcs',frozen-snacks,$22.00
SPRING ROLL ASSORTED KEMCHHO 96 pcs,'/products/spring-roll-kemchho-96-pcs',frozen-snacks,$22.00
RASMALAI NANAK 1KG,'/products/rasmalai-nanak-1kg',frozen-sweets,$13.99
RASMALAI KATOOMBA 1KG,'/products/rasmalai-katoomba-1kg',frozen-sweets,$13.95
RASGULLA  NANAK 908G,'/products/rasgulla-nanak-908g',frozen-sweets,$12.95
MOTICHUR LADDU BRAR'S 350G,'/products/motichur-laddu-brars-350g',frozen-sweets,$9.99
MOTICHOOR LADOO BIKA JI 340G,'/products/motichoor-ladoo-bika-ji-340g',frozen-sweets,$9.95
KAJU SWEETS BIKA JI 340G,'/products/kaju-sweets-bika-ji-340g',frozen-sweets,$11.99
KAJU SANGAM BIKA JI 340G,'/products/kaju-sangam-bika-ji-340g',frozen-sweets,$11.99
KAJU ROLL BIKA JI 340G,'/products/kaju-roll-bika-ji-340g',frozen-sweets,$11.99
KAJU KATLI BIKA JI 340G,'/products/kaju-katli-bika-ji-340g',frozen-sweets,$10.99
PARVAL  KATOOMBA 312G,'/products/parval-katoomba-312g',frozen-vegetables,$1.99
"DRUMSTICK, SHANA, 300 G",'/products/drumstick-shana',frozen-vegetables,$1.95
"JACKFRUIT SEEDS, INSTANT DELIGHT, 340 G",'/products/jackfruit-seeds-instant-delight-340-g',frozen-vegetables,$3.75
"GREEN JACKFRUIT, INSTANT DELIGHT, 340 G",'/products/green-jackfruit-instant-delight-340-g',frozen-vegetables,$3.99
"GREEN MANGO CUTS, INSTANT DELIGHT, 340 G",'/products/green-mango-cuts-instant-delight-340-g',frozen-vegetables,$3.99
"DRUMSTICK, INSTANT DELIGHT, 340 G",'/products/drumstick-instant-delight-340-g',frozen-vegetables,$3.50
WATTIES PEAS 2KG,'/products/watties-peas-2kg',frozen-vegetables,$9.99
VAL PAPDI SHANA 300G,'/products/val-papdi-shana-300g',frozen-vegetables,$2.25
TUVER LILVA SHANA,'/products/tuver-lilva-shana',frozen-vegetables,$1.99
"GARLIC PASTE, SEVEN SEAS, 250G",'/products/garlic-paste-seven-seas-250g',garlic-ginger,$2.99
"GINGER PASTE, SHAN, 700G",'/products/ginger-paste-shan-700g',garlic-ginger,$6.75
"GARLIC PASTE, AHMED, 700G",'/products/garlic-paste-ahmed-700g',garlic-ginger,$7.50
"GARLIC PASTE, MAHARAJAH’S CHOICE, 1 KG",'/products/garlic-paste-maharajah-s-choice-1-kg',garlic-ginger,$7.99
"GARLIC GINGER PASTE, AHMED, 700G",'/products/copy-of-ginger',garlic-ginger,$7.50
"GINGER & GARLIC  PASTE, MAHARAJAH’S CHOICE, 1 KG",'/products/ginger-garlic-paste-maharajah-s-choice-1-kg',garlic-ginger,$7.99
"GINGER PASTE, MAHARAJAH’S CHOICE, 1 KG",'/products/ginger-paste-maharajah-s-choice-1-kg',garlic-ginger,$7.99
GINGER GARLIC PASTE PATTU 2KG,'/products/ginger-garlic-paste-pattu-2kg',garlic-ginger,$12.99
"GINGER PASTE, AHMED, 700G",'/products/ginger-paste-seven-seas-1kg',garlic-ginger,$7.50
"DESI GHEE, SINGH DAIRY, 1 LITRE",'/products/desi-ghee-singh-dairy-1-litre',ghee,$16.99
"NANAK PURE DESI GHEE (KETO FRIENDLY), 1.6KG",'/products/nanak-pure-desi-ghee-keto-friendly-1-6kg',ghee,$37.99
VERKA GHEE 5L,'/products/verka-ghee-5-l',ghee,$75.00
VERKA GHEE 2L,'/products/verka-ghee-2kg',ghee,$31.99
VERKA GHEE 1 LITRE,'/products/verka-ghee-1-litre',ghee,$16.99
QBB GHEE 400G,'/products/qbb-ghee-400g',ghee,$9.99
PURE GHEE MC 907G,'/products/pure-ghee-mc-907g',ghee,$15.99
PURE GHEE GRB 1L,'/products/pure-ghee-grb-1l',ghee,$18.95
PURE GAWA GHEE RADHUNI 500G,'/products/pure-gawa-ghee-radhuni-500g',ghee,$14.99
CLING WRAP 60M B&G,'/products/cling-wrap-60m-b-g',gloves,$3.50
BAKE PAPER 10M,'/products/bake-paper-10m',gloves,$4.25
"ANSELL SUPER GLOVES, MEDIUM",'/products/ansell-super-gloves-medium',gloves,$3.50
"SESAME SEEDS WHITE, PATTU, 500G",'/products/sesame-seeds-white-pattu-500g',grains,$6.75
"SESAME SEEDS BLACK, PATTU, 250G",'/products/sesame-seeds-black-pattu-250g',grains,$3.75
"Wheat whole Pattu, 1kg",'/products/wheat',grains,$3.50
SESAME SEEDS WHITE PATTU 250G,'/products/sesame-seeds-white-pattu-250g',grains,$3.75
Semolina Fine ( Sooji) Indya 908g,'/products/semolina-fine-indya',grains,$3.99
Semolina Coarse ( Sooji) Indya 908g,'/products/semolina-coarse-1kg',grains,$3.99
Sabudana ( Sego Seeds) Indya 500g,'/products/sago-seeds-500g-indya',grains,$3.95
SABUDANA ( SEGO SEEDS) 500G PATTU,'/products/sabudana-sego-seeds-500g-pattu',grains,$3.99
ROASTED UPMA SUJI INDYA 908G,'/products/roasted-upma-suji-indya-908g',grains,$3.99
"5 COOL MINT, SUGERFREE GUM,32G",'/products/5-cool-mint-sugerfree-gum-32g',gums-mints,$2.50
"5 BLUEBERRY RUSH, SUGERFREE GUM,32G",'/products/5-blueberry-rush-sugerfree-gum-32g',gums-mints,$2.50
"JUICY FRUIT, CHEWING GUM, 14G",'/products/juicy-fruit-chewing-gum-14g',gums-mints,$1.50
"EXTRA WHITE BUBBLEMINT, 14G",'/products/extra-white-bubblemint-14g',gums-mints,$1.50
"EXTRA SPEARMINT, 27G",'/products/extra-spearmint-27g',gums-mints,$2.50
"EXTRA BUBBLEMINT, 27G",'/products/extra-bubblemint-27g',gums-mints,$2.50
Wrigley Eclipse Spearmint 27g,'/products/wrigley-eclipse-spearmint-27g',gums-mints,$2.50
Wrigley Eclipse Raspberry 27g,'/products/wrigley-eclipse-raspberry-27g',gums-mints,$2.50
Wrigley Eclipse Peppermint 27g,'/products/wrigley-eclipse-peppermint-27g',gums-mints,$2.00
"NEEM OIL, 100ML",'/products/neem-oil-100ml',hair-care,$7.99
"NAVRATNA AYURVEDIC OIL, 300ML",'/products/navratna-ayurvedic-oil-300ml',hair-care,$6.32
"NAVRATNA OIL(EXTRA THANDA), 100 ML, HIMANI",'/products/navratna-oilextra-thanda-100-ml-himani',hair-care,$4.09
PARACHUTE ADVANCED AYURVEDIC HOT OIL 300ML,'/products/parachute-advanced-ayurvedic-hot-oil-300ml',hair-care,$6.99
NAVRATNA OIL 200 ML HIMANI,'/products/navratna-oil-200-ml',hair-care,$7.99
"NAVRATNA OIL, 100 ML, HIMANI",'/products/navratna-oil-100-ml-himani',hair-care,$4.09
KEO KARPIN HAIR OIL 200ML,'/products/keo-karpin-hair-oil-200ml',hair-care,$4.50
HESH SHIKAKAI POWDER 100G,'/products/hesh-shikakai-powder',hair-care,$2.99
HESH ARITHA POWDER 100G,'/products/hesh-aritha-powder',hair-care,$2.99
"COCONUT AND ALMOND HAND WASH COMM CO, 250ml",'/products/coconut-and-almond-hand-wash-comm-co',hand-wash,$2.99
BOTANICAL LIME HAND WASH COMM CO 250ML,'/products/botanical-lime-hand-wash-comm-co',hand-wash,$2.99
COPPER YAGYA HAWAN KUND 21CM,'/products/copper-yagya-hawan-kund-21cm',hawan-kund,$29.99
SAHELI MEHANDI OIL 6ml,'/products/saheli-mehandi-oil',henna,$1.99
NEHA MEHANDI (HENNA) CONE,'/products/neha-mehandi-henna-cone',henna,$1.99
HENNA RACHNI MEHNDI,'/products/henna-rachni-mehndi',henna,$2.50
AYUR HENNA 200G,'/products/ayur-henna-200g',henna,$5.95
HING POWDER MOTHER'S RECIPE 100G,'/products/hing-powder-mothers-recipe-100g',hing,$5.40
"ASAFOETIDA (HING) POWDER EASTERN, 100G",'/products/asafoetida-hing-powder-eastern-100g',hing,$4.50
HING LG 100G,'/products/hing-lg-100g',hing,$4.30
"ASAFOETIDA POWDER(HING), BRAHMINS, 50G",'/products/asafoetida-powder-50g',hing,$3.99
HING POWDER LG 50G,'/products/hing-powder-lg-50g',hing,$2.50
"HING (ASAFOETIDA) POWDER, L.G, 50G",'/products/hing-asafoetida-powder-l-g-50g',hing,$3.50
HING Vandevi 50G,'/products/hing-vandevi-50g',hing,$1.99
"CLEAR HONEY TWIST AND SQUEEZE, B&G 375g",'/products/clear-honey-twist-and-squeeze',honey,$4.99
"HONEY, DABUR, 300G",'/products/honey-dabur-300g',honey,$6.99
VANILLA ICE CREAM PETERS 2L,'/products/vanilla-ice-cream-peters-2l',ice-cream-1,$7.99
VANILLA ICE CREAM COOKIES CONNOISSEUR,'/products/vanilla-ice-cream-cookies-connoisseur',ice-cream-1,$4.90
VANILLA ICE CREAM CONNOISSEUR,'/products/vanilla-ice-cream-connoisseur',ice-cream-1,$4.10
VANILLA ICE CREAM BULLA 100ML,'/products/vanilla-ice-cream-bulla-100ml',ice-cream-1,$2.50
TUTTI FRUTTI ICE CREAM 1L,'/products/tutti-frutti-ice-cream-1l',ice-cream-1,$11.25
TRIPLE CARAMEL CHUNK BEN JERRY 458ML,'/products/triple-caramel-chunk-ben-jerry-458ml',ice-cream-1,$12.50
TONIGHT DOUGH BEN JERRY 458ML,'/products/tonight-dough-ben-jerry-458ml',ice-cream-1,$12.50
SALTED CARAMEL ICE CREAM COOKIES CONNOISSEUR,'/products/salted-caramel-ice-cream-cookies-connoisseur',ice-cream-1,$4.90
ROASTED HAZELNUT ICE CREAM CONNOISSEUR,'/products/roasted-hazelnut-ice-cream-connoisseur',ice-cream-1,$4.10
DARE ICE COFFEE DOUBLE ESPRESSO 500ML,'/products/dare-ice-coffee-double-espresso-500ml',iced-coffee,$3.10
DARE ESPRESSO ICED COFFEE 500ML,'/products/dare-espresso-iced-coffee-500ml',iced-coffee,$3.10
REAL ICED TEA PEACH 500ML,'/products/real-iced-tea-peach-500ml',iced-tea,$3.00
REAL ICED TEA MANGO 500ML,'/products/real-iced-tea-mango-500ml',iced-tea,$3.00
REAL ICED TEA LEMON  500ML,'/products/real-iced-tea-lemon-500ml',iced-tea,$3.00
FUZE MANGO GREEN ICED TEA 500ML,'/products/mango-green-iced-tea-fuze',iced-tea,$3.00
"LIPTON ICED TEA PEACH, 500ML",'/products/lipton-sugar-free-peach',iced-tea,$3.00
LIPTON MATCHA GINGER & LEMON ICED TEA 500ML,'/products/lipton-matcha-ginger-lemongrassice-tea-l-500gm',iced-tea,$3.00
LIPTON MANGO ICE TEA 500ML,'/products/lipton-mango-ice-tea-500ml',iced-tea,$3.25
LIPTON GREEN ICE TEA CITRUS 500ML,'/products/lipton-green-ice-tea-citrus',iced-tea,$3.00
FUZE BLACK  ICED TEA FUZE 500ML,'/products/black-iced-tea-fuze-500ml',iced-tea,$3.00
"Idli Rice, Pattu 5kg",'/products/idli-rice-pattu-5kg',idli-rice,$15.99
"Idli Rice,Indya 5kg",'/products/idli-rice-indya-5kg',idli-rice,$11.99
IDLI DOSA RICE DOUBLE HORSE 5KG,'/products/idli-dosa-rice-double-horse-5kg',idli-rice,$11.95
HEM PRECIOUS KASTURI,'/products/hem-precious-kasturi',incense-sticks,$3.75
HEM MUSK HEXA AGARBATTI,'/products/hem-musk-hexa-agarbatti',incense-sticks,$1.99
HEM MOGRA INCENSE,'/products/hem-mogra-incense',incense-sticks,$1.99
HEM MOGRA HEXA AGABATTI,'/products/hem-mogra-hexa-agabatti',incense-sticks,$1.99
HEM LEVENDER,'/products/hem-levender',incense-sticks,$1.99
HEM LAVENDAR HEXA AGARBATTI,'/products/hem-lavendar-hexa-agarbatti',incense-sticks,$1.99
HEM GULAB INCENSE,'/products/hem-gulab-incense',incense-sticks,$1.99
HEM GULAB HEXA AGARBATTI,'/products/hem-gulab-hexa-agarbatti',incense-sticks,$1.99
HEM AMBER-SANDLO,'/products/hem-amber-sandlo',incense-sticks,$1.45
Nilamel's Jackfruit Chips 200g,'/products/jackfruit-chips-nilamels-200g',jackfruit-chips,$3.75
Malabar Treats Jackfruits Chips 200g,'/products/jackfruit-chips-200g-malabar-treat',jackfruit-chips,$3.75
"NATURAL JAGGERY, INDYA, 900G",'/products/natural-jaggery-indya-900g',jaggery,$5.50
"KOLHAPURI JAGGERY, INDYA, 450G",'/products/kolhapuri-jaggery-indya-450g',jaggery,$2.99
"Sugar Cane Cake Round, Intant Delight, 500G",'/products/dark-jaggery-gur-500-g',jaggery,$3.99
PUNJABI SHAKKAR INDYA 1KG,'/products/punjabi-shakkar-1kg',jaggery,$5.50
PUNJABI PESI GUR INDYA 1KG,'/products/punjabi-pesi-gur-indya-1kg',jaggery,$5.50
"MASALA GUR, INDYA, 1KG",'/products/masala-gur-indya-1kg',jaggery,$5.50
"KOLHAPURI JAGGERY, INDYA, 900G",'/products/kolhapuri-jaggery-indya-900g',jaggery,$5.50
"KOLHAPURI JAGGERY, INDYA, 2KG",'/products/kolhapuri-jaggery-indya-2kg',jaggery,$9.99
"JAGGERY, SABRINI, 1KG",'/products/jaggery-1kg-sabrini',jaggery,$5.50
"Raspberry Jam, Cottee's 250g",'/products/raspberry-jam',jams,$2.50
"Plum Jam, Cottee's 250g",'/products/jam-plum',jams,$2.50
"Strawberry Jam, Cottee's 250g",'/products/cottees-strawbery-jam-250g',jams,$2.15
"Apricot Jam, Cottee's 500g",'/products/apricot-jam',jams,$3.50
KISSAN MANGO JAM 490G,'/products/kissan-mango-jam-490g',jams,$6.30
JEERA RICE INDYA 1KG,'/products/jeera-rice-indya-1kg',jeera-rice,$5.50
JEERAKASALA RICE NIRAPARA 2KG,'/products/jeerakasala-rice-nirapara-2kg',jeera-rice,$9.65
"LYCHEE JELLY CRYSTALS, AHMED 80G",'/products/lychee-jelly-crystals-ahmed-80g',jelly,$1.99
"PEACH JELLY CRYSTALS, AHMED 80G",'/products/peach-jelly-crystals-ahmed-80g',jelly,$1.99
"STRAWBERRY JELLY CRYSTALS, AHMED 80G",'/products/strawberry-jelly-crystals-ahmed-80g',jelly,$1.99
"MANGO JELLY CRYSTALS, AHMED 80G",'/products/mango-jelly-crystals-ahmed-80g',jelly,$1.99
"PINEAPPLE JELLY CRYSTALS, AHMED 80G",'/products/pineapple-jelly-crystals',jelly,$1.99
"Strawberry Jelly Crystals, Laziza 85g",'/products/jelly-strawberry-laziza-85g',jelly,$1.99
"Mango Jelly Crystals, Laziza 85g",'/products/jelly-mango-laziza-85g',jelly,$1.99
"Lemon Jelly Crystals, Laziza 85g",'/products/jelly-lemon-laziza-85g',jelly,$1.99
"Orange Jelly Crystals, Laziza 85g",'/products/jelly-laziza-orange-85g',jelly,$1.99
LITCHI FRUIT NECTAR REAL 1 LITRE,'/products/litchi-fruit-nectar-real-1-litre',juice,$3.99
POMEGRANATE JUICE KUSHI 1LITRE,'/products/pomegranate-juice-kushi-1litre',juice,$3.99
PINK GUAVA NECTAR KUSHI 1 LITRE,'/products/pink-guava-nectar-kushi-1-litre',juice,$4.99
MANGO NECTAR KUSHI 1 LITRE,'/products/mango-nectar-kushi-1-litre',juice,$3.99
MANGO FRUIT NECTAR REAL 1 LITRE,'/products/mango-fruit-nectar-real-1-litre',juice,$3.99
"LYCHEE NECTAR, KUSHI, 1 LITRE",'/products/lychee-nectar-kushi-1-litre',juice,$4.99
FRUTI MANGO DRINK 1 LITRE,'/products/fruti-mango-drink-1-litre',juice,$3.95
DAILY JUICE ORANGE 500ML,'/products/daily-juice-orange-500ml',juice,$2.75
DAILY JUICE CLOUDY APPLE 500ML,'/products/daily-juice-cloudy-apple-500ml',juice,$2.50
LAUKI JUICE 500ML HEALTH VEDAS,'/products/lauki-juice-500ml-health-vedas',juice-health-aids,$5.95
TRIPHALA RAS 500ML SWADESHI,'/products/triphala-ras-500ml-swadeshi',juice-health-aids,$5.95
KARELA (BITTER GOURD) JUICE 500ML SWADESHI,'/products/karela-bitter-gourd-juice-500ml-swadeshi',juice-health-aids,$5.95
"PRAWN CHUTNEY POWDER, KT, 200G",'/products/prawn-chutney-powder-kt-200g',kitchen-treasure,$6.25
GARAM MASALA KT 100G,'/products/garam-masala-kt-100g',kitchen-treasure,$3.00
SAMBAR POWDER KT 200G,'/products/sambar-powder-kt-200g',kitchen-treasure,$3.50
CHICKEN MASALA KT 200G,'/products/chicken-masala-kt-200g',kitchen-treasure,$2.99
LAKSHMI ROLI,'/products/lakshmi-roli',kumkum-roli,$1.95
KUM KUM RED 100G SPARK,'/products/kum-kum-red-100g-spark',kumkum-roli,$2.99
KURKURE MASHALA MUNCH 95G,'/products/kurkure-mashala-munch-95gram',kurkure,$2.00
LAUNDRY LIQUID EARTH CHOICE 1L,'/products/laundry-liquid-earth-choice-1l',laundry,$4.25
PURITY LAUNDRY LIQ 1.25L,'/products/purity-laundry-liq-1-25l',laundry,$5.50
LOADS CLEANER POWDER 1KG,'/products/loads-cleaner-powder-1kg',laundry,$4.99
LOADS CLEANER CC 1L,'/products/loads-cleaner-cc-1l',laundry,$5.25
LAUNDRY POWDER B&G 1KG,'/products/laundry-powder-b-g-1kg',laundry,$4.50
QORMA MASALA LAZIZA 100G,'/products/qorma-masala-laziza-100g',laziza,$3.30
"QEEMA MASALA, LAZIZA INTERNATIONAL, 100G",'/products/qeema-mashala-laziza',laziza,$2.50
"KOFTA MASHALA Laziza, 134G",'/products/kofta-mashala-laziza-134g',laziza,$2.50
"LEMON JUICE, EDLYN, 300ML",'/products/lemon-juice-edlyn-300ml',lemon-lime-juice,$3.50
LEMON JUICE MOTHER'S RECIPE 250ML,'/products/lemon-juice-mothers-recipe-250ml',lemon-lime-juice,$2.75
LEMON JUICE MONIKA 250ML,'/products/lemon-juice-monika-250ml',lemon-lime-juice,$2.45
RED SPLIT LENTILS PARSRAM 1KG,'/products/red-split-lentils-parsram-1kg',lentils,$3.99
URID DAL JK 1 KG,'/products/urid-dal-jk-1-kg',lentils,$4.25
"Urid dhal split with skin, Shan 1kg",'/products/urid-dhal-split-with-skin-shan-1kg',lentils,$4.25
Mung Dhal split with skin Shan 1kg,'/products/mung-dhal-split-with-skin-shan-1kg',lentils,$4.25
Mung Dhal Shan 1kg,'/products/mung-dhal-shan-1kg',lentils,$4.25
"Yellow Split Lentils,JK 1kg",'/products/yellow-split-lentils-jk-1kg',lentils,$3.99
RED SPLIT LENTILS McKenzies 1KG,'/products/red-split-lentils-mckenzies-1kg',lentils,$3.99
YELLOW SPLIT PEAS PATTU 1KG,'/products/yellow-split-peas-pattu-1kg',lentils,$3.99
URID WHOLE BLACK PATTU 1 KG,'/products/urid-whole-black-pattu-1-kg',lentils,$4.99
"ALLEN'S Snakes  alive, 200g",'/products/allens-snakes-alive-200g',lollies,$4.00
"MELODY POP, CHUPA CHUPS, 15 G(EACH)",'/products/melody-pop-chupa-chups-15-geach',lollies,$1.00
THE NATURAL Snakes 260g,'/products/the-natural-snakes-260g',lollies,$4.50
Star Burst Party mix 180g,'/products/star-burst-party-mix-180g',lollies,$4.00
STAR BURST fruits chewy 235g,'/products/star-burst-fruits-chewy-235g',lollies,$4.50
Skittles Sours box 45g,'/products/skittles-sours-box-45g',lollies,$2.00
Skittles share bag 110g,'/products/skittles-share-bag-110g',lollies,$4.00
Skittles fruits box 45g,'/products/skittles-fruits-box-45g',lollies,$2.00
Push Pop 15g (each),'/products/push-pop-15g',lollies,$2.00
"CHAT MASALA, MANGAL, 100G",'/products/chat-masala-mangal-100g',mangal,$1.80
CHANA MASALA MANGAL 100G,'/products/chana-masala-mangal-100g',mangal,$1.80
"BUTTER CHICKEN MASALA, MANGAL, 50G",'/products/butter-chicken-masala-mangal',mangal,$1.90
PANCH PHORAN MANGAL 100G,'/products/panch-phoran-mangal-100g',mangal,$1.90
FISH MASALA MANGAL  50G,'/products/fish-masala-mangal-50g',mangal,$1.90
PUDINA (MINT) CHUTNEY POWDER MANGAL 50G,'/products/pudina-mint-chutney-powder-mangal-50g',mangal,$1.90
IDLI DOSA CHUTNEY POWDER MANGAL 100g,'/products/idli-dosa-chutney-powder-mangal-100g',mangal,$1.90
KASURI METHI MANGAL 25G,'/products/kasuri-methi-mangal-25g',mangal,$1.50
SAMBHAR POWDER MANGAL 100G,'/products/sambhar-powder-mangal-100g',mangal,$1.90
MIRACLE SPREAD 500G,'/products/miracle-spread',margarine,$3.00
"Marmalade, Cottee's 500g",'/products/breakfast-marmalade',marmalade,$3.50
REDHEAD MATCHES,'/products/redhead-matches-50mm-long',match,$2.95
"MATCHES REDHEADS, 45 matches",'/products/matches-redheads',match,$0.50
MATTA RICE MAYIL 10KG,'/products/matta-rice-mayil-10kg',matta-rice,$24.50
MATTA RICE DOUBLE HORSE 10KG,'/products/matta-rice-double-horse-10kg',matta-rice,$20.99
"TRADITIONAL MAYONNAISE, PRAISE, 365G",'/products/mayonnaise-praise-335g-1',mayo,$3.99
MAYONNAISE PRAISE 335G,'/products/mayonnaise-praise-335g',mayo,$3.99
"MEAT CURRY MASALA, MDH, 100G",'/products/meat-curry-masala-mdh-100g',mdh,$2.75
"TAVA FRY MASALA, MDH, 100G",'/products/tava-fry-masala-mdh-100g',mdh,$2.75
MADRAS CURRY POWDER MDH 100G,'/products/madras-curry-powder-mdh-100g',mdh,$1.99
"DEGGI MIRCH MASALA, MDH, 100G",'/products/deggi-mirch-masala-mdh',mdh,$2.75
"KASURI METHI MASALA, MDH",'/products/kasuri-methi-masala-mdh',mdh,$2.75
"SINDHI BIRYANI MASALA, MDH, 100G",'/products/sindhi-biryani-masala-mdh',mdh,$2.75
"KASHMIRI MIRCH, MDH, 100G",'/products/kashmiri-mirch-mdh-100g',mdh,$2.75
"JAL JEERA MASALA, MDH, 100G",'/products/jal-jeera-masala-mdh-100g',mdh,$2.75
"CHUTNEY PODINA MASALA, MDH, 100G",'/products/chutney-podina-masala-mdh-100g',mdh,$2.75
GOOD DROP LITE MILK 2L,'/products/the-good-drop-2lt',milk,$3.50
"SOY MILK, SO GOOD, 1 LITRE",'/products/soy-milk-so-good-1-litre',milk,$3.50
"FULL CREAM, LONG LIFE MILK, DEVONDALE, 1 LITRE",'/products/full-cream-long-life-milk-devondale-1-litre',milk,$2.99
GOOD DROP FULL CREAM MILK 3L,'/products/good-drop-milk-3l',milk,$4.55
GOOD DROP FULL CREAM MILK 2L,'/products/good-drop-full-cream-milk-2l',milk,$3.30
FRESH MILK 2 LITRE,'/products/fresh-milk-2-litre',milk,$2.90
CANBERRA MILK 3 LITRE,'/products/canberra-milk-3-litre',milk,$6.50
CANBERRA MILK 2 LITRE,'/products/canberra-milk-2-litre',milk,$4.75
CANBERRA MILK 1 LITRE,'/products/canberra-milk-1-litre',milk,$2.50
FULL CREAM MILK POWDER DIPLOMA 400G,'/products/full-cream-milk-powder-diploma-400g',milk-powder,$6.75
"EDIBLE GUM, UTTAM, 200G",'/products/uttam-edible-gum',misc,$2.95
"CITRIC ACID, UTTAM, 100G",'/products/citric-acid-uttam-100g',misc,$2.25
"BAKING POWDER, MCKENZIE’S, 125 G",'/products/baking-powder-mckenzie-s-125-g',misc,$2.99
"BAKING POWDER, UTTAM, 100G",'/products/uttam-baking-powder-100g-uttam',misc,$2.25
"COOKING SODA, UTTAM, 110G",'/products/cooking-soda-100g-uttam',misc,$2.25
"CITRIC ACID, UTTAM, 100G",'/products/citric-acid-100g-uttam',misc,$2.25
"BICARBONATE SODA ( BAKING SODA), B&G, 500G",'/products/bicarbonate-soda-500g-b-g',misc,$2.99
BAKING POWDER PATTU 150G,'/products/baking-powder-pattu-150g',misc,$3.25
"AJINO MOTO (MSG), UTTAM, 100G",'/products/aji-no-moto-msg-uttam',misc,$2.99
"ZANDU PANCHARISHTA, 450ML",'/products/zandu-pancharishta-450ml',misc-health-aids,$6.99
ZANDU MAHA SUDARSHAN CHURNA,'/products/zandu-maha-sudarshan-churna',misc-health-aids,$3.50
KAYAM CHURAN 100 GRAM,'/products/kayam-churan-100-gram',misc-health-aids,$4.75
ZANDU TRIPHALA CHURNA 50 GRAM,'/products/zandu-triphala-churna-50-gram',misc-health-aids,$3.25
JANAM GHUTTI,'/products/janam-ghutti',misc-health-aids,$2.80
HUSK SAT-ISABGOL 100G,'/products/husk-sat-isabgol-100g',misc-health-aids,$4.50
HIMALYA LIV 52 100PC,'/products/himalya-liv-52-100pc',misc-health-aids,$6.99
GRIPE WATER,'/products/gripe-water',misc-health-aids,$3.00
"Pool Makhana ( Lotus Seeds), Uttam 100g",'/products/uttam-phool-makhana-uttam-100g',misc-items,$4.99
"Sweet Makhana, Uttam 200g",'/products/uttam-sweet-makhana-200gram',misc-items,$1.99
"Sabji Pakoda, Shandaar 300g",'/products/sabji-pakoda-300g',misc-items,$4.99
"PATASHA, Indya",'/products/patasha',misc-items,$3.75
WAX STRIPS,'/products/wax-strips',misc-personal-care,$7.50
SLEEK HOT WAX 600G,'/products/sleek-hot-wax-600g',misc-personal-care,$7.50
SLEEK COLD WAX 600G,'/products/sleek-cold-wax-600g',misc-personal-care,$7.50
ORGANIC THREAD,'/products/organic-thread',misc-personal-care,$3.99
COTTON TIPS,'/products/cotton-tips',misc-personal-care,$1.95
AJANTA SHAVING ALUM (FITAKARI) 100G,'/products/ajanta-shaving-alum-fitakari-100g',misc-personal-care,$1.95
GLYCERINE 100ML ASHWIN PHARMA,'/products/glycerine-100ml-ashwin-pharma',misc-personal-care,$3.95
VIBOOTHI 100G,'/products/viboothi-100g',misc-religious,$2.00
TURMERIC POWDER SMALL BOX,'/products/turmeric-powder-small-box',misc-religious,$0.50
POOJA SCENT,'/products/pooja-scent',misc-religious,$1.99
POOJA ITEM MIX ( ALL NECESSARY ITEMS IN A BOX),'/products/pooja-item-mix-all-necessary-items-in-a-box',misc-religious,$11.00
POOJA COTTON CLOTH WHITE 1M,'/products/pooja-cotton-cloth-white-1m',misc-religious,$2.99
POOJA COTTON CLOTH RED 1M,'/products/pooja-cotton-cloth-red-1m',misc-religious,$2.99
POOJA CLOTH YELLOW 1M,'/products/pooja-cloth-yellow-1m',misc-religious,$2.99
POOJA CLOTH GREEN 1M,'/products/pooja-cloth-green-1m',misc-religious,$2.99
POOJA CLOTH BLACK 1M,'/products/pooja-cloth-black-1m',misc-religious,$2.99
TONIC WATER 1.1 L SCHWEPPES,'/products/tonic-water-1-1-l-schweppes',mixers,$3.10
SODA WATER 1.1L SCHWEPPES,'/products/soda-water-1-1l-schweppes',mixers,$3.10
SCHWEPPES LIME 1.1 LITRE,'/products/schweppes-lime-1-1-litre',mixers,$2.99
BUNDABERG PEACH DRINK 375ML,'/products/bundaberg-peach-drink-375ml',mixers,$2.99
BUNDABERG LEMON LIME BITTER 375ML,'/products/bundaberg-lemon-lime-bitter-375ml',mixers,$2.99
BUNDABERG GUAVA DRINK 375ML,'/products/bundaberg-guava-drink-375ml',mixers,$2.99
BUNDABERG GINGER BEER 375ML,'/products/bundaberg-ginger-beer-375ml',mixers,$2.99
BUNDABERG DIET GINGER BEER 375ML,'/products/bundaberg-diet-ginger-beer-375ml',mixers,$2.99
BUNDABERG CREAM SODA 375ML,'/products/bundaberg-cream-soda-375ml',mixers,$2.99
LAMB CURRY MIX MOTHER'S RECIPE 100G,'/products/lamb-curry-mix-mothers-recipe-100g',mothers-recipe,$2.50
BUTTER CHICKEN 100G MOTHER'S RECIPE,'/products/butter-chicken-100g-mothers-recipe',mothers-recipe,$2.50
PANEER BUTTER MASALA MOTHER'S RECIPE 75G,'/products/paneer-butter-masala-mothers-recipe-75g',mothers-recipe,$2.25
CHICKEN CURRY 80G MOTHER'S RECIPE,'/products/chicken-curry-80g-mothers-recipe',mothers-recipe,$2.25
"PAV BHAJI MASHALA, MOTHER RECIPE 75 G",'/products/pav-bhaji-mashala-mother-recipe-75-g',mothers-recipe,$1.95
"Sweet Makhana, Uttam 200g",'/products/uttam-sweet-makhana',mouth-freshners,$1.95
"Sugar Candy, Uttam, 200g",'/products/uttam-sugar-candy',mouth-freshners,$2.00
TUTTY FRUITY GREEN 200G LATAS KITCHEN,'/products/tutty-fruity-green-200g-latas-kitchen',mouth-freshners,$2.99
"TUTTY FRUITY ORANGE, LATA KITCHEN 200G",'/products/tooti-fruity-orange-200g',mouth-freshners,$1.99
TAMARIND CHURAN 200G,'/products/tamarind-churan-200g',mouth-freshners,$3.99
SWEET KHEEL 100G,'/products/sweet-kheel-100g',mouth-freshners,$2.75
ROASTED SESAME SEEDS 100G SPARK,'/products/roasted-sesame-seeds-100g-spark',mouth-freshners,$2.50
ROASTED FENNEL SEEDS 100G SPARK,'/products/roasted-fennel-seeds-100g-spark',mouth-freshners,$2.50
MINT FENNEL UTTAM 200G,'/products/mint-fennel-uttam-200g',mouth-freshners,$3.50
SAMBAR POWDER MTR 200G,'/products/sambar-powder-mtr-200g',mtr,$3.50
"RASAM POWDER, MTR, 200G",'/products/rasam-powder-mtr-200g',mtr,$3.75
PILSBURY MULTIGRAIN ATTA ( flour) 5KG,'/products/pilsbury-multigrain-atta-5kg',multigrain-flours,$14.50
GREWAL MULTIGRAIN ATTA 5KG,'/products/grewal-multigrain-atta-5kg',multigrain-flours,$12.50
Aashirvaad multigrain Atta (Flour) 5kg,'/products/aashirvaad-atta-with-multigrains-5kg',multigrain-flours,$14.50
SUKMEL LUWANG CINNAMON MIX 50G,'/products/sukmel-luwang-cinnamon-mix-50g',nepalese-groceries,$3.75
SUCROSE 250G,'/products/sucrose-250g',nepalese-groceries,$3.00
SAMFO 100G,'/products/samfo-100g',nepalese-groceries,$2.25
RAYO GUNDRUK 100G,'/products/rayo-gundruk-100g',nepalese-groceries,$2.95
MUSTARD DRY LEAVES 100G,'/products/mustard-dry-leaves-100g',nepalese-groceries,$2.95
HOT LAPSI PICKLE 350G,'/products/hot-lapsi-pickle-350g',nepalese-groceries,$4.50
HORSE GRAM (GAHAT) 490G,'/products/horse-gram-gahat-490g',nepalese-groceries,$3.50
DRY RADISH LEAVES 100G,'/products/dry-radish-leaves-100g',nepalese-groceries,$3.30
DHUNGRE PAPAD 200G,'/products/dhungre-papad-200g',nepalese-groceries,$3.30
RASAM POWDER NIRAPARA 200G,'/products/rasam-powder-nirapara-200g',nirapara,$3.50
MEAT MASALA NIRAPARA 200G,'/products/meat-masala-nirapara-200g',nirapara,$2.99
FISH MASALA NIRAPARA 200G,'/products/fish-masala-nirapara-200g',nirapara,$3.30
CHICKEN MASALA NIRAPARA 200G,'/products/chicken-masala-nirapara-200g',nirapara,$2.99
GARAM MASALA NIRAPARA 100G,'/products/garam-masala-nirapara-100g',nirapara,$2.95
"MOM’S MAGIC CHICKEN NOODLES, KISHWAN, 4PKS( 65G EA)",'/products/mom-s-magic-chicken-noodles-kishwan-4pks-65g-ea',noodles,$2.50
"FRIED NOODLES, INDOMIE, 10 PACKS(85G EA)",'/products/copy-of-fried-noodles-indomie-10-packs85g-ea',noodles,$7.50
"FRIED NOODLES, INDOMIE, 5 PACKS(85G EA)",'/products/fried-noodles-indomie-5-packs85g-ea',noodles,$3.99
"HOT SPICY NOODLES, INDOMIE, 5 PACKS(85G EA)",'/products/hot-spicy-noodle-indomie-5-packs85g-ea',noodles,$3.99
"HEARTY CHICKEN NOODLES, FANTASTIC, 105 G",'/products/hearty-chicken-noodles-fantastic-105-g',noodles,$2.50
FANTASTIC BEEF NOODLES 105 G,'/products/fantastic-beef-noodles-105-g',noodles,$2.50
"COUSCOUS, SAN REMO, 1 KG",'/products/couscous-san-remo-1-kg',noodles,$5.50
"SEMIA, BRAHMINS, 400 G",'/products/semia-brahmins-400-g',noodles,$3.99
TOMATO RICE READY TO EAT 250G,'/products/tomato-rice-ready-to-eat-250g',noodles,$2.50
PEANUT BLANCHED PATTU 250G,'/products/peanut-blanched-pattu-250g',nuts,$3.99
"Almond Raw, Pattu 500g",'/products/almond-raw-pattu-500g',nuts,$10.99
PISTACHIOS KERNALS 100G PATTU,'/products/pistachios-kernals-100g-pattu',nuts,$6.50
PEANUT BLANCHED 500G PATTU,'/products/peanut-blanched-500g-pattu',nuts,$6.99
CASHEW RAW PATTU 500G,'/products/cashew-raw-pattu-500g',nuts,$13.50
CASHEW PIECE LARGE 500G PATTU,'/products/cashew-piece-large-500g-pattu',nuts,$11.50
"Almond Raw, Pattu 250g",'/products/almond-raw-pattu-250g',nuts,$5.99
TEZ MUSTARD OIL 1 LITRE,'/products/tez-mustard-oil-1-litre',oil,$6.99
"MUSTARD OIL, BANOFUL, 1L",'/products/mustard-oil-banoful-1l',oil,$6.99
"VEGETABLE OIL, COMMUNITY CO, 750 ML",'/products/vegetable-oil-community-co-750-ml',oil,$3.50
"SUNFLOWER OIL, COMMUNITY CO, 750 ML",'/products/sunflower-oil-community-co-750-ml',oil,$3.75
"RICE BRAN OIL,COMMUNITY CO, 500 G",'/products/rice-bran-oil-community-co-500-g',oil,$4.60
"VEGETABLE OIL, BLACK & GOLD, 2 L",'/products/vegetable-oil-black-gold-2-l',oil,$8.50
"SUNFLOWER OIL,BLACK & GOLD, 2 L",'/products/sunflower-oil-black-gold-2-l',oil,$8.99
"VEGETABLE OIL, GOLDEN FIELD, 5 L",'/products/golden-field-veg-oil-5-l',oil,$17.50
"COCONUT OIL, VISWAS, 1 LITRE",'/products/viswas-coconut-oil-1-litre',oil,$9.95
DABUR LAL TAIL 50ML,'/products/dabur-lal-tail-50ml',oil-health-aids,$3.00
CLOVE OIL 50ML,'/products/clove-oil-50ml',oil-health-aids,$5.00
CASTOR OIL ASHWIN PHARMA100ML,'/products/castor-oil-ashwin-pharma100ml',oil-health-aids,$2.00
KALONJI OIL,'/products/kalonji-oil',oil-health-aids,$6.95
CASTOR OIL,'/products/castor-oil',oil-health-aids,$5.50
"MULETHI POWDER, UTTAM, 200",'/products/uttam-mulethi-powder',others,$3.95
"UTTAM MULETHI, 100g",'/products/uttam-mulethi',others,$3.25
RAJA CHUNA 100G,'/products/raja-chuna-100g',others,$2.50
DANDIYA PAIR,'/products/dandiya-pair',others,$4.99
DAMYANTI KATTHA 50G,'/products/damyanti-kattha-50g',others,$2.99
PANEER SHREE GANESHA 300g,'/products/paneer-shree-ganesha',paneer,$5.00
PANEER SAI SHREE 300g,'/products/paneer-sai-shree-300g',paneer,$5.50
PANEER SHARMA KITCHEN 300g,'/products/paneer-sharma-kitchen-300g',paneer,$5.50
Sabrini Puri Papdi 500g,'/products/puri-papdi-500g-sabrini',panipuri,$4.99
"Panipuri Chips, Uttam, 200g",'/products/panipuri-papdi-chips-uttam-200g',panipuri,$3.50
Sabrini Pani Puri Pellets 500g,'/products/pani-puri-pellets-500g-sabrini',panipuri,$5.99
Sabrini Pani puri kit 280g,'/products/pani-puri-kit-sabrini-280g',panipuri,$5.99
Bikaji Panipuri Kit,'/products/pani-puri-kit-bika-ji',panipuri,$6.50
"DRY POTATO CHIPS, UTTAM, 200G",'/products/uttam-dry-potato-chips-200g-uttam',panipuri,$2.95
PANI PURI 50PCS,'/products/pani-puri-50pcs',panipuri,$7.50
"SAGO PAPAD WHITE, UTTAM, 200G",'/products/sago-papad-white-200g',papadam,$2.99
"JEERA PAPAD, LIJJAT, 200G",'/products/lijjat-jeera-papad-100g',papadam,$2.50
"FRYUMS (PAPAD) MIX, UTTAM 200G",'/products/fryums-papad-mix-200g-uttam',papadam,$2.25
"GARLIC PAPPADAM, MAHARAJA CHOICE, 200G",'/products/garlic-pappadam-maharaja-choice-200g',papadam,$2.75
"PAPPADAM CHILLI, MAHARAJA CHOICE, 200G",'/products/copy-of-pappadam-plain-maharaja-choice-200g',papadam,$2.75
"PAPPADAM PLAIN, MAHARAJA CHOICE, 200G",'/products/pappadam-plain-maharaja-choice-200g',papadam,$2.75
GUJRATI MASALA KHICHIYA KEMCHHO 200G,'/products/gujrati-masala-khichiya-kemchho-200g',papadam,$4.00
"SAGO (SABUDANA) PAPAD COLOUR, UTTAM, 200G",'/products/sago-sabudana-papad-colour-200g-uttam',papadam,$2.25
"PLAIN PAPAD, MAHARAJA CHOICE, 100G",'/products/mc-plain-papad-100g',papadam,$2.50
PEANUTS RAW RED PATTU 500G,'/products/peanuts-raw-red-pattu-500g',peanuts,$5.75
PEANUT RAW SMALL 500G PATTU,'/products/peanut-raw-small-500g-pattu',peanuts,$4.99
"CHILLI PICKLE IN OIL,AHMED, 400G",'/products/chilli-pickle-in-oil-ahmed-400g',pickle,$4.99
"LIME PICKLE IN OIL,AHMED, 400G",'/products/lime-pickle-in-oil-ahmed-400g-1',pickle,$4.99
"LIME PICKLE IN OIL,AHMED, 400G",'/products/lime-pickle-in-oil-ahmed-400g',pickle,$4.99
"MANGO PICKLE IN OIL,AHMED, 400G",'/products/mango-pickle-in-oil-ahmed-400g',pickle,$4.99
"BITTER GOURD PICKLE, DOUBLE HORSE, 400G",'/products/bitter-gourd-pickle-double-horse-400g',pickle,$4.20
"WHITE LIME PICKLE, EASTERN 400G",'/products/white-lime-pickle-eastern-400g',pickle,$4.20
"WHITE LIME PICKLE, DOUBLE HORSE 400G",'/products/white-lime-pickle-double-horse-400g',pickle,$4.10
"TOMATO PICKLE, EASTERN 400G",'/products/tomato-pickle-eastern-400g',pickle,$4.20
STUFFED RED CHILLI PICKLE MOTHERS RECIPE 500G,'/products/stuffed-red-chilli-pickle-mothers-recipe-500g',pickle,$4.95
Ponni Boiled Rice Pattu 5kg,'/products/ponni-boiled-rice-pattu-5kg',ponni-rice,$15.99
"Ponni Raw rice, Pattu 5kg",'/products/pattu-poni-raw-rice',ponni-rice,$12.99
NIRAPARA REVATHI PONNI RICE 5KG,'/products/nirapara-revathi-ponni-rice-5kg',ponni-rice,$10.95
FANTASTIC DELITES SOUR CREAM & CHIVES,'/products/fantastic-delites-sour-cream-chives',potato-chips,$2.00
FANTASTIC DELITES SEA SALT & BALSAMIC VINEGAR 100G,'/products/fantastic-delites-sea-salt-balsamic-vinegar',potato-chips,$2.00
FANTASTIC DELITES HONEY SOY CHICKEN 100g,'/products/fantastic-delites-honey-soy-chicken',potato-chips,$2.00
WAI WAI QUICK Noodles,'/products/wai-wai-quick',potato-chips,$0.80
UNCLE CHIPS 52g,'/products/uncle-chips',potato-chips,$2.20
THINS SALT & VINEGAR 175G,'/products/thins-salt-vinegar-175g',potato-chips,$3.75
THINS ORGINAL POTATO CHIPS 175G,'/products/thins-orginal-potato-chips-175g',potato-chips,$3.75
THINS LIGHT & TANGY POTATO CHIPS 175G,'/products/thins-light-tangy-potato-chips-175g',potato-chips,$3.75
SMITHS SALT & VINEGAR 170G,'/products/smiths-salt-vinegar-170g',potato-chips,$3.75
JOWAR DHANI 400G SPARK,'/products/jowar-dhani-400g-spark',puffed-rice,$4.50
PUFFED RICE UTTAM 800G,'/products/puffed-rice-uttam-800g',puffed-rice,$6.50
"Puffed rice, Pran 500g",'/products/puffed-rice-pran-500gm',puffed-rice,$4.75
Puffed Rice Banoful 500g,'/products/puffed-rice-bonoful-500g',puffed-rice,$4.99
PUFFED RICE UTTAM 350G,'/products/puffed-rice-mumra-uttam-350g',puffed-rice,$3.25
PUFFED RICE  KOLHAPURI UTTAM 350G,'/products/puffed-rice-kolhapuri-uttam-350g',puffed-rice,$3.99
BHUJA MAMRA 400G,'/products/bhuja-mamra-400g',puffed-rice,$3.99
BANOFUL PUFFED RICE 250G,'/products/banoful-tasty-puffed-rice',puffed-rice,$2.50
TEHARI MASALA,'/products/tehari-masala',radhuni,$1.99
"PULIOGARE POWDER, MTR, 200G",'/products/puliogare-powder-mtr-200g',ready-mix,$3.20
"SEMIYA PAYASAM MIX, BRAHMINS, 200 G",'/products/semiya-payasam-mix-brahmins-200-g',ready-mix,$2.99
"PALADA PAYASAM MIX, BRAHMINS, 200 G",'/products/palada-payasam-mix-brahmins-200-g',ready-mix,$2.99
RABRI FALOODA AHMED 200G,'/products/rabri-falooda-ahmed-200g',ready-mix,$2.99
JELLY FALOODA AHMED 225G,'/products/jelly-falooda-ahmed-225g',ready-mix,$2.99
SHEER KHURMA SHAN 150G,'/products/sheer-khurma-shan-150g',ready-mix,$3.10
"DAHI BARA MIX, SHAN, 150G",'/products/shan-dahi-bara-mix-150g',ready-mix,$2.00
PAKORA/BHAJIA MIX SHAN 150G,'/products/pakora-bhajia-mix-shan-150g',ready-mix,$2.15
"VANGI BHATH MASALA, MTR, 100G",'/products/mtr-vangi-bhath-masala-100g',ready-mix,$2.15
CHICKEN MAKHANI READY TO EAT D’LISH 300G,'/products/chicken-makhani-ready-to-eat-d-lish-300g',ready-to-eat,$5.95
CHICKEN MANCHURIAN READY TO EAT D’LISH 300G,'/products/chicken-manchurian-ready-to-eat-d-lish-300g',ready-to-eat,$5.95
VEGETABLE BIRYANII READY TO EAT D’LISH 275G,'/products/vegg-ready-to-eat-d-lish-275g',ready-to-eat,$2.50
CHICKEN FRIED RICE READY TO EAT D’LISH 275G,'/products/chicken-fried-rice-ready-to-eat-d-lish-275g',ready-to-eat,$5.95
D'LISH VEGETABLE BIRYANI 275GRAM,'/products/d-lish-vegetable-biryani-275gram',ready-to-eat,$2.50
D'LISH CHICKEN MANCHURIAN READY TO EAT 300GRAM,'/products/d-lish-chicken-manchurian-ready-to-eat-300gram',ready-to-eat,$5.95
D'LISH CHICKEN MAKHANI READY TO EAT 300GRAM,'/products/d-lish-chicken-makhani-ready-to-eat-300gram',ready-to-eat,$5.95
D'LISH CHICKEN FRIED RICE READY TO EAT 275GRAM,'/products/d-lish-chicken-fried-rice-ready-to-eat-275gram',ready-to-eat,$5.95
D'LISH SARSO KA SAAG READY TO EAT 300GRAM,'/products/dlish-sarso-ka-saag-ready-to-eat-300gram',ready-to-eat,$2.50
"Medium Grain White rice, Sunrice 5kg",'/products/medium-grain-white-rice-sunrice-5kg',rice,$16.99
"Poha ( Rice Flakes) Thick, Indya 1kg",'/products/poha-thick-1kg-indya',rice-flakes,$4.99
"FLATTENED RICE( POHA), BANOFUL, 500G",'/products/flattened-rice-poha-banoful-500g',rice-flakes,$2.99
"RICE FLAKES,BRAHMINS , 500G",'/products/rice-flakes-brahmins-500g-1',rice-flakes,$3.15
RICE FLAKES BRAHMINS 500G,'/products/rice-flakes-brahmins-500g',rice-flakes,$2.99
Poha ( Rice Flakes) Thick Uttam 1kg,'/products/rice-flakes-poha-thick-1kg-uttam',rice-flakes,$4.99
Poha ( Rice Flakes) Medium Uttam 1kg,'/products/rice-flakes-poha-medium-1kg-uttam',rice-flakes,$4.99
"Poha ( Rice Flakes) Thin, Uttam 1kg",'/products/rice-flake-thin-uttam',rice-flakes,$3.99
Poha ( Rice Flakes) Thin 1kg,'/products/poha-thin-rice-flakes-1kg',rice-flakes,$3.99
Poha ( Rice Flakes) Thin Pattu 1kg,'/products/poha-thin-pattu-1kg',rice-flakes,$3.99
Britannia Wheat Rusk 610g,'/products/wheat-rusk-britannia-610g',rusk-khari,$5.95
BRITANNIA SUJI RUSK 305 G,'/products/britannia-suji-rusk-610g',rusk-khari,$3.99
"SPECIAL TOAST, BANOFUL, 350G",'/products/special-toast-banoful-350g',rusk-khari,$3.00
Britannia Suji Rusk 1.22 kg,'/products/suji-rusk-britannia-1-2kg',rusk-khari,$12.50
Morning Fresh Premium Rusk 220g,'/products/premium-rusk-220gram',rusk-khari,$2.50
Kemchho Plain Toast 200g,'/products/plain-toast-kemchho-200g',rusk-khari,$2.25
Kemchho Plain Khari 200g,'/products/plain-khari-kemchho-200g',rusk-khari,$2.25
Cherab's Plain Cake Rusk 900g,'/products/plain-cake-rusk-cherabs-900g',rusk-khari,$10.95
Parle Premium Rusk 600g,'/products/parle-rusk-600g',rusk-khari,$6.99
SAFFRON 0.5,'/products/saffron-0-5',saffron,$4.95
KESAR CHANDAN PATANJALI 25G,'/products/kesar-chandan-patanjali-25g',sandal,$4.99
"PEPPER SAUCE, TABASCO, 60ML",'/products/pepper-sauce-tabasco-60ml',sauce,$4.60
"MINT CHUTNEY, MITCHELL’S, 350G",'/products/mint-chutney-mitchell-s-350g',sauce,$3.99
"STEAK SAUCE, FOUNTAIN, 250ML",'/products/steak-sauce-fountain-250ml',sauce,$2.85
"BARBECUE SAUCE, MASTERFOODS, 500ML",'/products/barbecue-sauce-masterfoods-500ml',sauce,$3.50
"GARLIC SAUCE, TOOBA 340G",'/products/tooba-garlic-sauce-340gram',sauce,$2.99
"Mint Sauce Thick, Fountain 250ml",'/products/think-mint-sauce',sauce,$2.45
"SCHEZWAN SAUCE, CHING'S",'/products/chings-secret-schezwan-sauce-stir-fry',sauce,$3.50
CHILLI GARLIC SAUCE PATTU 500G,'/products/chilli-garlic-pattu-500g',sauce,$4.25
TOMATO KETCHUP MAGGI 500ML,'/products/rich-tomato-ketchup-maggi-500ml',sauce,$4.50
"PEPPER SAUCE, TABASCO, 60ML",'/products/pepper-sauce-tabasco-60ml',sauce-1,$4.60
"MINT CHUTNEY, MITCHELL’S, 350G",'/products/mint-chutney-mitchell-s-350g',sauce-1,$3.99
"STEAK SAUCE, FOUNTAIN, 250ML",'/products/steak-sauce-fountain-250ml',sauce-1,$2.85
"BARBECUE SAUCE, MASTERFOODS, 500ML",'/products/barbecue-sauce-masterfoods-500ml',sauce-1,$3.50
"GARLIC SAUCE, TOOBA 340G",'/products/tooba-garlic-sauce-340gram',sauce-1,$2.99
"Mint Sauce Thick, Fountain 250ml",'/products/think-mint-sauce',sauce-1,$2.45
"SCHEZWAN SAUCE, CHING'S",'/products/chings-secret-schezwan-sauce-stir-fry',sauce-1,$3.50
CHILLI GARLIC SAUCE PATTU 500G,'/products/chilli-garlic-pattu-500g',sauce-1,$4.25
TOMATO KETCHUP MAGGI 500ML,'/products/rich-tomato-ketchup-maggi-500ml',sauce-1,$4.50
"Sella Rice, Afghan Valley 5kg",'/products/sella-rice-afghan-valley',sella-rice,$15.99
"INDIA GATE GOLDEN SELLA RICE, 5KG",'/products/india-gate-golden-sella-rice-5kg',sella-rice,$17.50
DAAWAT SELLA BASMATI RICE 5KG,'/products/daawat-goldensella-basmati-rice-5kg',sella-rice,$16.99
"Semolina Fine ( Sooji), Uttam 900g",'/products/semolina-fine-sooji-uttam-1kg',semolina,$3.99
"Semolina Coarse ( Sooji), Uttam 900g",'/products/semolina-coarse-sooji-uttam-1kg',semolina,$3.99
"Semolina Fine ( Sooji), Pattu 1kg",'/products/semolina-fine-1kg',semolina,$3.99
"Semolina Coarse ( Sooji), Pattu 1kg",'/products/semolina-course-pattu-1kg',semolina,$3.99
NIRAPARA UPPUMA RAVA 1KG,'/products/nirapara-uppuma-rava-1kg',semolina,$3.75
"CHICKEN CURRY MASALA, MDH, 100G",'/products/chicken-curry-masala-mdh-100g',shan,$2.75
"DRIED FENUGREEK LEAVES (KASURI MITHI), PARSRAM, 100G",'/products/dried-fenugreek-leaves-kasuri-mithi-parsram-100g',shan,$3.50
"CHAAT MASALA,  SHAN, 100G",'/products/chaat-masala-shan-200g',shan,$1.90
HALEEM MIX (EASY COOK) SHAN 300G,'/products/haleem-mix-easy-cook-shan-300g',shan,$2.95
"KARAHI GOSHT MASALA, MDH, 100G",'/products/karahi-gosht-masala-mdh',shan,$2.75
"SABJI MASALA, MANGAL, 62.5 g",'/products/sabji-masala',shan,$1.90
"HUNTER BEEF MIX, SHAN, 150G",'/products/hunter-beef-curing-mix-shan-150g',shan,$1.99
FENUGREEK LEAVES SHAN 50G,'/products/fenugreek-leaves-shan-50g',shan,$1.99
"ACHAR GOSHT MIX, SHAN, 50G",'/products/achar-gosht-mix-shan-50g',shan,$1.90
VICCO TURMERIC CREAM 70G,'/products/vicco-turmeric-cream-70g',skin-care,$9.95
VICCO TURMERIC CREAM 50G,'/products/vicco-turmeric-cream-50g',skin-care,$6.25
ROSE WATER 250ML AHMED,'/products/rose-water-250ml-ahmed',skin-care,$3.50
ROGHAN BADAM SHIRIN OIL 100ML,'/products/roghan-badam-shirin-oil-100ml',skin-care,$10.99
FAIR & LOVELY AYURVEDIC CARE 50G,'/products/fair-lovely-ayurvedic-care-50gram',skin-care,$6.75
"HOT CHANACHUR, BANOFUL, 350G",'/products/hot-chanachur-banoful-350g',snacks-bikaji,$4.50
"FRIED PEAS, BANOFUL, 30G",'/products/fried-peas-banoful-30g',snacks-bikaji,$0.75
"ROUND RICE MURUKKU, BAKEMILL, 150 G",'/products/round-rice-murukku-bakemill-150-g',snacks-bikaji,$3.50
"PIECE RICE MURUKKU, BAKEMILL, 125 G",'/products/piece-rice-murukku-bakemill-125-g',snacks-bikaji,$3.50
"TOMATO CHILLI MIXTURE, BAKEMILL, 320 G",'/products/tomato-chilli-mixture-bakemill-320-g',snacks-bikaji,$3.99
"EXTRA HOT MIXTURE, BAKEMILL, 320 G",'/products/extra-hot-mixture-bakemill-320-g',snacks-bikaji,$4.50
"ALOO BHUJIA, BIKAJI, 1 KG",'/products/aloo-bhujia-bikaji-1-kg',snacks-bikaji,$9.99
BIKAJI KOLKATA CHANACHUR 1KG,'/products/bikaji-kolkata-chanachur-1kg',snacks-bikaji,$9.99
BIKAJI BIKANERI BHUJIA 1 KG,'/products/bikaji-bikaneri-bhujia-1-kg',snacks-bikaji,$9.99
Haldiram's Khatta Meetha Mix 1kg,'/products/haldiram-khatta-mitha-mix-1kg',snacks-haldiram,$11.99
HALDIRAM'S KASHMIRI MIX 1KG,'/products/haldiram-kashmiri-mix-1kg',snacks-haldiram,$12.99
Haldiram's Bhujia 400g,'/products/bhujia-haldiram-400g',snacks-haldiram,$4.99
Haldiram's Bhujia 1kg,'/products/bhujia-1kg-haldiram',snacks-haldiram,$11.00
Haldiram's Bhelpuri 1kg,'/products/bhelpuri-1kg-haldiram',snacks-haldiram,$11.00
Haldiram's Aloo Bhujia 400g,'/products/aloo-bhujia-haldiraam-400g',snacks-haldiram,$4.99
Haldiram's Aloo Bhujia 1kg,'/products/aloo-bhujia-1kg-haldiram',snacks-haldiram,$11.00
Haldiram's Nut Cracker 400g,'/products/nut-cracker-haldiram-400g',snacks-haldiram,$5.99
Haldiram's Khatta Meetha 400g,'/products/khatta-meetha-haldiram-400g',snacks-haldiram,$4.99
Kemchho Soya Stick 150g,'/products/soya-stick-kemchho-150g',snacks-kemchho,$2.25
Kemchho Moong Dal 270g,'/products/moong-dal-kemchho-270g',snacks-kemchho,$2.99
Kemchho Nylon Chevda 270g,'/products/kemchho-nylon-chevda270gram',snacks-kemchho,$2.99
Kemchho Mung Dal 270g,'/products/kemchho-mung-daal-270gram',snacks-kemchho,$2.99
Kemchho Diet Bhel 270g,'/products/kemchho-diet-bhel-270gram',snacks-kemchho,$2.99
Malabar Treats  Andhra Mixtures 400g,'/products/andhra-mixture-400g-malabar-treats',snacks-others,$4.75
INSTANT DELIGHT CASHEW MIXTURE 400 G,'/products/instant-delight-karaseva-400-g',snacks-others,$6.50
INSTANT DELIGHT KARASEVA 250 G,'/products/instant-delight-karaseva-250-g',snacks-others,$3.75
Instant Delight HAND MURUKKU 200g,'/products/instant-delight-hand-murukku-400g',snacks-others,$3.99
SABRINI BOONDI 500G,'/products/sabrini-boondi-500g',snacks-others,$5.50
INDYA PEANUT BRITTLE (GAJAK) 400G,'/products/indya-peanut-brittle-gajak-400g',snacks-others,$6.99
Uttam Roasted Chana without skin 500g,'/products/uttam-roasted-chana-without-skin-500g',snacks-others,$5.00
MAHABALESHWAR ROASTED CHANA WITH SKIN INDYA 500GM,'/products/mahabaleshwar-roasted-chana-with-skin-indya-500gm',snacks-others,$5.50
ROASTED GRAM (DALIA) INDYA 1 KG,'/products/roasted-gram-dalia-indya-1-kg',snacks-others,$9.99
MEDIMIX AYURVEDIC SOAP 75G,'/products/medimix-ayurvedic-soap',soaps,$1.99
IMPERIAL LEATHER SOAP 4X 100G,'/products/imperial-leather-soap-4x-100g',soaps,$4.99
DOVE PURE SENSITIVE,'/products/dove-pure-sensitive',soaps,$3.80
CHANDRIKA SOAP 75G,'/products/chandrika-soap-75g',soaps,$1.99
"CHANDRIKA SOAP, 3pk",'/products/chandrika-soap',soaps,$5.95
SANTOOR SOAP 100G X 4,'/products/santoor-soap-100g-x-4',soaps,$5.50
SANTOOR SOAP 100G,'/products/santoor-soap',soaps,$1.99
MYSORE SANDAL SOAP 150G x 3pk,'/products/mysore-sandal-soap-450g',soaps,$7.50
MYSORE SANDAL SOAP 150G,'/products/mysore-sandal-soap-150g',soaps,$2.95
"ICE COLA, L.A, 475ML",'/products/ice-cola-l-a-475ml',soft-drinks,$2.00
"LEMON SODA, PUB SQUASH, 475 ML",'/products/lemon-soda-pub-squash-475-ml',soft-drinks,$2.00
"CEDA CLASSIC CREAMING SODA, 475 ML",'/products/ceda-classic-creaming-soda-475-ml',soft-drinks,$2.00
"CEDA ORANGE CREAMING SODA, 475 ML",'/products/ceda-orange-creaming-soda-475-ml',soft-drinks,$2.00
"CEDA PASSION CREAMING SODA, 475 ML",'/products/ceda-passion-creaming-soda-475-ml',soft-drinks,$2.00
"CEDA LIME CREAMING SODA, 475 ML",'/products/ceda-lime-creaming-soda-475-ml',soft-drinks,$2.00
"APPLE JUICE, BERRI, 2L",'/products/apple-juice-berry-2l',soft-drinks,$5.50
ORANGE JUICE BERRY 2L,'/products/orange-juice-berry',soft-drinks,$5.50
COCA-COLA CLASSIC  375ml,'/products/coca-cola-classic-375ml-1',soft-drinks,$2.50
"Sona Masuri Rice, Pattu 10kg",'/products/sona-masuri-rice-pattu-10kg',sona-masuri-rice,$22.99
"Sona Masuri Rice, Pattu, 5kg",'/products/sona-masuri-pattu-5kg',sona-masuri-rice,$11.99
"DARK SOY SAUCE, CHING'S 210G",'/products/dark-soy-sauce-ching-210g',soya-sauce,$1.50
"SOYA CHUNKS, INDYA, 200G",'/products/soya-chunks-indya-200g',soya-wadi,$3.50
SOYA WADI UTTAM 200G,'/products/soya-wadi-uttam-200g',soya-wadi,$3.99
SOYA WADI 500G UTTAM,'/products/soya-wadi-500g-uttam',soya-wadi,$5.99
"SOYA WADI, PATTU, 500G",'/products/soya-wadi-500g-pattu',soya-wadi,$4.99
SOYA WADI 200G PATTU,'/products/soya-wadi-200g-pattu',soya-wadi,$2.99
SOYA GRANULES 200G PATTU,'/products/soya-granules-200g-pattu',soya-wadi,$1.95
SOYA CHUNKS 400G INDYA,'/products/soya-chunks-400g-indya',soya-wadi,$4.50
SOYA CHAAP SHANDAAR FOODS 800G,'/products/soya-chaap-shandaar-foods-800g',soya-wadi,$5.95
"Punjabi Wadi Shandaar, 400g",'/products/shandaar-punjabi-wadi',soya-wadi,$5.50
Garam Masala Uttam 200g,'/products/garam-masala-uttam-200g',spice-pouch,$4.50
GARAM MASALA WHOLE UTTAM 100G,'/products/garam-masala-whole-uttam-100g',spice-pouch,$3.99
Cumin Seeds Uttam 500g,'/products/cumin-seeds-uttam-500g',spice-pouch,$6.95
"MUSTARD SEEDS, UTTAM, 500G",'/products/mustard-seeds-uttam-500g',spice-pouch,$5.99
"STAR ANISE, UTTAM, 100G",'/products/star-anise-uttam-100g',spice-pouch,$4.50
"CHILLI POWDER MILD, UTTAM, 200G",'/products/chilli-powder-mild-uttam-200g',spice-pouch,$3.50
"RED CHILLI POWDER HOT, PATTU, 200G",'/products/red-chilli-powder-hot-pattu-200g',spice-pouch,$3.50
"CHILLI POWDER KASHMIRI, PATTU, 100G",'/products/chilli-powder-kashmiri-pattu-100g',spice-pouch,$2.30
"AJWAIN SEEDS, JK, 200G",'/products/ajwain-seeds-jk-200g',spice-pouch,$3.99
"NUTELLA HAZELNUT SPREAD, FERRERO, 400G",'/products/nutella-hazelnut-spread-400g',spreads,$5.99
"VEGETABLE EXTRACT SPREAD, PROMITE, 290G",'/products/promite',spreads,$4.50
NUTELLA MINI JAR 25G,'/products/nutella-mini-jar',spreads,$2.00
"Cream Cheese Spread, Kraft 250g",'/products/kraft-cream-cheese-spread-250g',spreads,$4.00
HAZELNUT CHOCOLATE SPREAD 400G,'/products/hazelnut-chocolate-spread-400g',spreads,$5.95
VEGEMITE 220G,'/products/vegemite-220g',spreads,$4.50
"Peanut Butter Smooth, Bega, 375g",'/products/sanitarium-smooth-peanut-butter-375g',spreads,$5.25
"Peanut Butter Crunchy, Bega  375g",'/products/sanitarium-crunchy-peanut-butter-375g',spreads,$4.15
NUTELLA HAZELNUT SPREAD 220G,'/products/nutella-hazelnut-sprd-220g',spreads,$4.75
"VEGETABLE STOCK, CAMPBELL'S 1L",'/products/real-stock-vegetable',stock-gravy,$4.50
"CHICKEN STOCK, CAMPBELL'S 1L",'/products/real-stock-chicken',stock-gravy,$4.50
"BEEF STOCK, CAMPBELL'S 1L",'/products/real-stock-beef',stock-gravy,$4.50
FISH STOCK CAMPBELL'S 500ML,'/products/real-fish-stock-campbells-500ml',stock-gravy,$2.45
"COCONUT SUGAR, CSR, 250G",'/products/coconut-sugar-csr-250g',sugar-salt,$4.25
"COOKING SEA SALT, OLSSON’S, 1KG",'/products/cooking-sea-salt-olsson-s-1kg',sugar-salt,$2.50
"AASHIRVAAD IODISED SALT, 1 KG",'/products/aashirvaad-iodised-salt-1-kg',sugar-salt,$1.75
"COOKING SALT, SAXA, 1 KG",'/products/cooking-salt-saxa-1-kg',sugar-salt,$2.50
"WHITE SUGAR, BUNDABERG, 1KG",'/products/white-sugar-bundaberg-1kg',sugar-salt,$2.50
TATA SALT 1KG,'/products/tata-salt-1kg',sugar-salt,$1.55
"SINDHAV SALT (FASTING SALT), UTTAM, 100G",'/products/sindhav-salt-fasting-salt-100g-uttam',sugar-salt,$1.45
SAXA SALT TABLE 750G,'/products/saxa-salt-table-750g',sugar-salt,$4.25
SAKARIYA 400G SPARK,'/products/sakariya-400g-spark',sugar-salt,$2.95
"MIX SWEETS PACK, 250G",'/products/mix-sweets-pack-250g',sweets,$7.50
Haldiram's Soan Papdi 250g,'/products/soan-papdi-haldirams-250g',sweets,$3.99
Bikaji Soan papdi 200g,'/products/soan-papdi-200gm-bikaji',sweets,$3.99
Bikaji Patisa 400g,'/products/patisa-400g-bika-ji',sweets,$6.95
MOTICHUR LADDU 250G PACK,'/products/motichur-laddu-250g-pack',sweets,$7.50
JALEBI 300G PACK,'/products/jalebi-300g-pack',sweets,$7.50
GRB GHEE MYSORE PAK 250G,'/products/grb-ghee-mysore-pak-250g',sweets,$8.50
Bikaji Soan Papdi 500g,'/products/bikaji-soan-papdi-500g',sweets,$5.25
Bikaji Dry Petha 400g,'/products/bika-ji-dry-petha',sweets,$6.75
TACO SHELLS 156G,'/products/taco-shells-156g',taco,$4.25
"TAMARIND CAKE, INDYA, 500G",'/products/tamarind-cake-indya-500g',tamarind,$4.99
TAMARIND MAYIL 1KG,'/products/tamarind-mayil-1kg',tamarind,$8.50
TAMARIND NIRAPARA 500G,'/products/tamarind-nirapara-500g',tamarind,$4.50
TAMARIND MAYIL 500G,'/products/tamarind-mayil-500g',tamarind,$4.50
TAMARIND CONCENTRATE 454G (TAMICON),'/products/tamarind-concentrate-454g-tamicon',tamarind,$4.25
TAMARIND PASTE MOTHER'S RECIPE 320G,'/products/tamarind-paste-mothers-recipe-320g',tamarind,$3.95
TAMARIND CONCENTRATE 227G (TAMICON),'/products/tamarind-concentrate-227g-tamicon',tamarind,$2.99
TAMARIND EASTERN 200G,'/products/tamarind-eastern-200g',tamarind,$2.50
TATA TEA PREMIUM 1KG,'/products/tata-tea-premium-1kg',tea-coffee,$11.95
TAPAL FAMILY MIXTURE 900G,'/products/tapal-family-mixture-900g',tea-coffee,$14.99
TETLEY NATURAL GREEN TEA 50 TEA BAGS,'/products/tetley-natural-green-tea-50-tea-bags',tea-coffee,$4.50
TETLEY DECAF GREEN TEA 50 TEA BAGS,'/products/tetley-decaf-green-tea-50-tea-bags',tea-coffee,$4.50
LIPTON PURE GREEN TEA 50 tea bags,'/products/lipton-pure-green-tea-50-tea-bags',tea-coffee,$5.15
JOHAR JOSHANDA NATURAL HERBAL TEA BAGS 30PK,'/products/johar-joshanda-natural-herbal-tea',tea-coffee,$8.50
WAGH BAKRI PREMIUM TEA 500G,'/products/wagh-bakri-premium-tea-500g',tea-coffee,$7.45
WAGH BAKRI PREMIUM TEA 1KG,'/products/wagh-bakri-premium-tea-1kg',tea-coffee,$15.99
WAGH BAKRI MASALA CHAI 250G,'/products/wagh-bakri-masala-chai-250g',tea-coffee,$5.75
WHITE KING TOILET GEL,'/products/white-king-toilet-gel',toilet-cleaners,$5.75
TOILET BOWL CLEANER B&G,'/products/toilet-bowl-cleaner-b-g',toilet-cleaners,$2.95
HARPIC 450ML,'/products/harpic-450ml',toilet-cleaners,$4.75
CLEAN FREAK 900ML COMM CO,'/products/clean-freak-900ml-comm-co',toilet-cleaners,$4.25
BLUE ACTIVE CHLORINE BREF,'/products/blue-active-chlorine-bref',toilet-cleaners,$3.99
"ALOEVERA  FACIAL TISSUES,ALLURE, 95 SHEETS",'/products/aloevera-facial-tissues-allure-95-sheets',toilet-rolls,$2.50
"PAPER TOWEL, ALLURE, 2PK",'/products/paper-towel-2s-allure',toilet-rolls,$3.50
KLEENEX TOILET TISSUE 9 ROLLS,'/products/kleenex-toilet-tissue-9-rolls',toilet-rolls,$7.50
"TOILET ROLL, KLEENEX, 4 PK",'/products/kleenex-4-rolls-toilet-tissue',toilet-rolls,$4.50
"TOILET ROLLS, BLACK & GOLD, 2ply 4PK",'/products/black-and-gold-toilet-tissue-4pk',toilet-rolls,$3.99
"TOILET ROLLS, BLACK & GOLD, 2ply 12PK",'/products/black-gold-toilet-rolls-12pk',toilet-rolls,$9.00
TOMATO KETCH UP PATTU 500G,'/products/tomato-ketch-up-pattu-500g',tomato-sauce,$4.25
ROASTED VERMICELLI MTR 900G,'/products/roasted-vermicelli-mtr-900-g',vermicelli,$5.50
VERMICELLI ROASTED AHMED 150G,'/products/vermicelli-roasted-ahmed-foods',vermicelli,$1.99
VERMICELLI BAMBINO 350G,'/products/vermicelli-350g-bambino',vermicelli,$2.50
ROASTED VERMICELLI SHAN 150G,'/products/roasted-vermicelli-shan-150g',vermicelli,$1.99
ROASTED VERMICELLI BAMBINO 350G,'/products/roasted-vermicelli-bambind',vermicelli,$2.50
"LASHCHA SHEMAI ( Vermicelli) , Banoful 200g",'/products/lashcha-shemai',vermicelli,$2.50
LACHCHA FRIED VERMICELLI PHENY 15OG AHMED,'/products/lachcha-fried-vermicelli-pheny-16o-gm-ahmed-foods',vermicelli,$3.50
"Roasted Vermicelli, Double Horse 200g",'/products/double-horse-roasted-vermicelli-500g',vermicelli,$2.99
BALSAMIC VINEGAR CORNWELL'S 500ML,'/products/balsamic-vinegar-500ml-cornwellis',vinegars,$4.75
BALSAMIC VINEGAR COMMUNITY CO 500ML,'/products/balsamic-vinegar-500ml-community-co',vinegars,$4.75
"APPLE CIDER VINEGAR, CORNWELL'S 750ML",'/products/apple-cidar-vinegar',vinegars,$3.55
WHITE VINEGAR 750 ML CORNWELL'S,'/products/white-vinegar-750-ml-cornwellis',vinegars,$3.25
WHITE VINEGAR 2 LITRE CORNWELL'S,'/products/white-vinegar-2-litre-cornwellis',vinegars,$5.99
RED WINE VINEGAR 500ML CORNWELL'S,'/products/red-wine-vinegar-500ml-cornwellis',vinegars,$4.75
NUTRO STRAWBERRY WAFERS 75G,'/products/nutro-strawberry-wafers-75g',wafers,$1.50
NUTRO CHOCOLATE WAFERS 75G,'/products/nutro-chocolate-wafers-75g',wafers,$1.50
Cadbury Choco chip cookies 156g,'/products/cookies-choco-chip-cadbury-156g',wafers,$4.00
COOL RIDGE WATER 600ML,'/products/cool-ridge-water-600ml',water,$2.50
WATER 600ML,'/products/water-600ml',water,$2.00
SPRING WATER 600MLX12 COMM CO,'/products/spring-water-600mlx12-comm-co',water,$8.95
SANTA VITTORIA WATER 1.5 L,'/products/santa-vittoria-water-1-5-l',water,$4.00
PURE SPRING WATER 600ML,'/products/pure-spring-water-600ml',water,$2.00
NU PURE SPRING WATER 24 X600ML,'/products/nu-pure-spring-water-24-x600ml',water,$9.99
NATURAL SPRING WATER 1.5L,'/products/natural-spring-water-1-5l',water,$4.00
NATURAL MINERAL WATER 1.1L SCHEWEPPES,'/products/natural-mineral-water-1-1l-scheweppes',water,$3.00
MOUNT FRANKLIN WATER 500ML,'/products/mount-franklin-water-500ml',water,$2.00
AASHIRVAAD Atta ( wheat flour)10kg,'/products/aashirvaad-whole-wheat-10kg',wheat-flours,$18.00
"Whole Wheat Atta, Grewal, 10kg",'/products/grewal-100-whole-wheat-atta-10kg',wheat-flours,$13.00
PILSBURY GOLD ATTA 10KG,'/products/pilsbury-gold-atta-10kg',wheat-flours,$19.99
PILSBURY CHAKKI ATTA 5KG,'/products/pilsbury-chakki-atta-5kg',wheat-flours,$10.99
PILLSBURY chakki atta ( wheat flour) 10kg,'/products/pillsbury-chakki-atta-10kg',wheat-flours,$16.99
Grewal Chakki Atta 10kg,'/products/grewal-wheat-flour-10kg',wheat-flours,$12.00
GREWAL CHAKKI ATTA 5KG,'/products/grewal-chakki-atta-5kg',wheat-flours,$7.25
CHAKKI ATTA PILSBURY 1KG,'/products/chakki-atta-pilsbury-1kg',wheat-flours,$2.99
Ashirvaad wheat flour (Atta) 5kg,'/products/aashrivaad-whole-wheat-atta-5kg',wheat-flours,$8.99
"Medium Grain White rice, Sunrice 5kg",'/products/medium-grain-white-rice-sunrice-5kg',white-rice,$16.99
"Long Grain White Rice, Black & Gold 2kg",'/products/long-grain-rice-b-g-2kg',white-rice,$4.50
PURE POOJA COTTON WICKS,'/products/pure-pooja-cotton-wicks',wicks-diya,$1.25
BRASS PANCH DIYA AARTI,'/products/brass-panch-diya-aarti',wicks-diya,$14.99
RADHE JYOT BATTI,'/products/radhe-jyot-batti',wicks-diya,$1.99
KUMKUM WICKS 200PC,'/products/kumkum-wicks-200pc',wicks-diya,$3.99
JYOT BATTI,'/products/jyot-batti',wicks-diya,$1.00
TULSI DIYA,'/products/tulsi-diya',wicks-diya,$3.59
"RAW MITTI YUM DIYA 5"""" DIA",'/products/raw-mitti-yum-diya-5-dia',wicks-diya,$2.23
PLAIN EARTHEN DIYA 6PK,'/products/plain-earthen-diya-6pk',wicks-diya,$2.99
PLAIN CLAY DIYA MEDIUM,'/products/plain-clay-diya-medium',wicks-diya,$1.32
YOGHURT SHREE GANESHA 5KG,'/products/yoghurt-sai-shree-5kg',yoghurt,$15.00
YOGHURT SAI SHREE 2KG,'/products/yoghurt-sai-shree-2kg',yoghurt,$9.00
YOGHURT SAI SHREE 1KG,'/products/yoghurt-sai-shree-1kg',yoghurt,$5.50
YOGHURT 2KG SHREE GANESHA,'/products/yoghurt-2kg-shree-ganesha',yoghurt,$8.50
YOGHURT 1KG SHREE GANESHA,'/products/yoghurt-1kg-shree-ganesha',yoghurt,$5.00
SHARMA KITCHEN YOGHURT 2KG,'/products/sharmas-yoghurt-2kg',yoghurt,$9.30
SHARMA KITCHEN YOGHURT 1KG,'/products/sharmas-yoghurt-1kg',yoghurt,$6.00
NATURAL POT SET YOGHURT FU 200G,'/products/natural-pot-set-yoghurt-200g',yoghurt,$2.30
CHRIS'  GREEK STYLE YOGHURT 1KG,'/products/chris-authentic-greek-style-yoghurt-thick-and-creamy-1kg',yoghurt,$6.00
